{
  "start": "2451", 
  "text": "COUNCIL OF THE DISTRICT OF COLUMBIA\n20 DCSTAT 2451\nD.C. Act 20-201, effective October 17, 2013 (Expiration date January 15, 2014)\n\nAN ACT\n\nBill 20-491\nEmergency\nDeclaration\nRes. 20-307\n20 DCStat 2718\n\nTo approve, on an emergency basis, Modification No. 13 to Contract No. DCKA-2010-C-0219 with C&D\nTree Planting Service, Inc. for tree planting services and to authorize payment for services\nreceived and to be received by the District Department of Transportation.\n\nBE IT ENACTED BY THE COUNCIL OF THE DISTRICT OF COLUMBIA, That this\nact may be cited as the \u201cModification No. 13 to Contract No. DCKA-2010-C-0219 Approval and\nPayment Authorization Emergency Act of 2013\u201d.\n\nSec. 2. Pursuant to section 451 of the District of Columbia Home Rule Act, approved\nDecember 24, 1973 (87 Stat. 803; D.C. Official Code \u00a7 1-204.51), and notwithstanding the\nrequirements of section 202 of the Procurement Practices Reform Act of 2010, effective April 8,\n2011 (D.C. Law 18-371; D.C. Official Code \u00a7 2-352.02), the Council approves Modification No.\n13 to Contract No. DCKA-2010-C-0219 for tree planting services by C&D Tree Planting\nService, Inc. to the District Department of Transportation and authorizes payment in the amount\nof $2,123,489.00 for services received and to be received under this contract.\nSec. 3. Fiscal impact statement.\nThe Council adopts the fiscal impact statement of the Chief Financial Officer as the fiscal\nimpact statement required by section 602(c)(3) of the District of Columbia Home Rule Act,\napproved December 24, 1973 (87 Stat. 813; D.C. Official Code \u00a7 1-206.02(c)(3)).\nSec. 4. Effective date.\nThis act shall take effect following approval by the Mayor (or in the event of veto by the\nMayor, action by the Council to override the veto), and shall remain in effect for no longer than\n90 days, as provided for emergency acts of the Council of the District of Columbia in section\n412(a) of the District of Columbia Home Rule Act, approved December 24, 1973 (87 Stat. 788;\nD.C. Official Code \u00a7 1-204.12(a)).\n\nNot Codified\n\nModification\nNo. 13 to\nContract No.\nDCKA-2010C-0219\nApproval and\nPayment\nAuthorization\nEmergency\nAct of 2013\n\n\f", 
  "end": "2451", 
  "name": "Act_20-201.pdf", 
  "title": "Modification No. 13 to Contract No. Dcka-2010-C-0219 Approval and Payment Authorization Emergency Act of 2013"
}