{
  "end": "4363", 
  "name": "Act_20-457.pdf", 
  "start": "4362", 
  "text": "COUNCIL OF THE DISTRICT OF COLUMBIA\n20 DCSTAT 4362\nD.C. Act 20-457, effective October 23, 2014 (Expiration date January 21, 2015)\n\nAN ACT\n\nBill 20-961\nEmergency\nDeclaration\nRes. 20-627\n20 DCStat 4529\n\nTo establish, on an emergency basis, that it shall be unlawful for the owner or operator of a grocery store\nto impose a restrictive land covenant or use restriction on the sale, or other transfer, or lease of\nreal property used as a grocery store that prohibits the subsequent use of the property as a\ngrocery store.\n\nCodification\nDistrict of\nColumbia\nOfficial Code\n2001 Edition\n\nBE IT ENACTED BY THE COUNCIL OF THE DISTRICT OF COLUMBIA, That this\nact may be cited as the \u201cGrocery Store Restrictive Covenant Prohibition Emergency Act of\n2014\u201d.\n\nGrocery Store\nRestrictive\nCovenant\nProhibition\nEmergency\nAct of 2014\n\nSec. 2. (a) It shall be unlawful for the owner or operator of a grocery store to impose a\nrestrictive land covenant or use restriction in a contract for the sale, or other transfer, or lease of\nreal property being used as a grocery store that prohibits the subsequent use of the real property\nas a grocery store.\n(b) Any contract, including a private agreement, that includes a restrictive land covenant\nor use restriction on real property as described in subsection (a) of this section shall be void and\nunenforceable.\n(c) For the purposes of this act, the term:\n(1) \u201cGrocery store\u201d means a retail establishment with a primary business of\nselling grocery products and includes a selling area that is used for a general line of food and\nnonfood grocery products.\n(2) \u201cPrivate agreement\u201d means a mutually agreed upon and entered into exchange\nof promises.\nSec. 3. Fiscal impact statement.\nThe Council adopts the fiscal impact statement of the Budget Director as the fiscal impact\nstatement required by section 602(c)(3) of the District of Columbia Home Rule Act, approved\nDecember 24, 1973 (87 Stat. 813; D.C. Official Code \u00a7 1-206.02(c)(3)).\nSec. 4. Effective date.\nThis act shall take effect following approval by the Mayor, (or in the event of veto by the\nMayor, action by the Council of the District of Columbia to override the veto), and shall remain\nin effect for no longer than 90 days, as provided for emergency acts of the Council of the District\n\nNote,\n\u00a7 2-1212.21\n\n\fCOUNCIL OF THE DISTRICT OF COLUMBIA\n20 DCSTAT 4363\nD.C. Act 20-457, effective October 23, 2014 (Expiration date January 21, 2015)\n\nof Columbia in section 412(a) of the District of Columbia Home Rule Act, approved December\n24, 1973 (87 Stat. 788; D.C. Official Code \u00a7 1-204.12(a)).\n\n\f", 
  "title": "Grocery Store Restrictive Covenant Prohibition Emergency Act of 2014", 
  "council_period": "20"
}