{
  "start": "4402", 
  "text": "COUNCIL OF THE DISTRICT OF COLUMBIA\n20 DCSTAT 4402\nD.C. Act 20-478, effective November 13, 2014 (Expiration date January 25, 2015)\n\nAN ACT\n\nBill 20-980\nEmergency\nDeclaration\nRes. 20-645\n20 DCStat 4554\n\nTo amend, on an emergency basis, due to congressional review, An Act Authorizing the sale of certain real\nestate in the District of Columbia no longer required for public purposes to extend the time in\nwhich the Mayor may dispose of certain District-owned real property located at 5131 Nannie\nHelen Burroughs Avenue, N.E., known as the Strand Theater.\n\nBE IT ENACTED BY THE COUNCIL OF THE DISTRICT OF COLUMBIA, That this\nact may be cited as the \u201cExtension of Time to Dispose of the Strand Theater Second\nCongressional Review Emergency Amendment Act of 2014\u201d.\n\nSec. 2. Section 1 of An Act Authorizing the sale of certain real estate in the District of\nColumbia no longer required for public purposes, approved August 5, 1939 (53 Stat. 1211; D.C.\nOfficial Code \u00a7 10-801), is amended by adding a new subsection (d-6) to read as follows:\n\u201c(d-6) Notwithstanding subsection (d) of this section, the time period within which the\nMayor may dispose of the property located at 5131 Nannie Helen Burroughs Avenue, N.E.,\nknown as the Strand Theater, for which disposition was approved by the Council pursuant to the\nStrand Theater Disposition Approval Resolution of 2009, effective October 6, 2009 (Res. 180263; 56 DCR 8410), and extended by the Strand Theater Disposition Extension Approval\nResolution of 2011, effective September 20, 2011 (Res. 19-246; 58 DCR 8477), is extended to\nOctober 6, 2015.\u201d.\nSec. 3. Applicability.\nThis act shall apply as of October 27, 2014.\nSec. 4. Fiscal impact statement.\nThe Council adopts the fiscal impact statement of the Budget Director as the fiscal impact\nstatement required by section 602(c)(3) of the District of Columbia Home Rule Act, approved\nDecember 24, 1973 (87 Stat. 813; D.C. Official Code \u00a7 1-206.02(c)(3)).\nSec. 5. Effective date.\nThis act shall take effect following approval by the Mayor (or in the event of veto by the\nMayor, action by the Council to override the veto), and shall remain in effect for no longer than\n90 days, as provided for emergency acts of the Council of the District of Columbia in section\n412(a) of the District of Columbia Home Rule Act, approved December 24, 1973 (87 Stat. 788;\nD.C. Official Code \u00a7 1-204.12(a)).\n\nCodification\nDistrict of\nColumbia\nOfficial Code\n2001 Edition\nExtension of\nTime to\nDispose of the\nStrand\nTheater\nSecond\nCongressional\nReview\nEmergency\nAmendment\nAct of 2014\nNote,\n\u00a7 10-801\n\n\f", 
  "end": "4402", 
  "name": "Act_20-478.pdf", 
  "title": "Extension of Time to Dispose of the Strand Theater Second Congressional Review Emergency Amendment Act of 2014"
}