{
  "start": "4151", 
  "text": "COUNCIL OF THE DISTRICT OF COLUMBIA\nD.C. Act 20-433, effective October 7, 2014 (Expiration date January 5, 2015)\n\n20 DCSTAT 4151\n\nAN ACT\n\nBill 20-921\nEmergency\nDeclaration\nRes. 20-610\n20 DCStat 4503\n\nTo authorize, on an emergency basis, the Mayor to solicit advertisements and sponsorships to generate\nrevenue for the District of Columbia Public Schools and the Annual District of Columbia\nInterscholastic Athletic Association Championship Turkey Bowl game.\n\nBE IT ENACTED BY THE COUNCIL OF THE DISTRICT OF COLUMBIA, That this\nact may be cited as the \"Turkey Bowl Revenue Generation and Sponsorship Emergency Act of\n2014\".\n\nSec. 2. (a) Notwithstanding any other provision of District law, the Mayor may contract\nfor advertisements and sponsorships for the Annual District of Columbia Interscholastic Athletic\nAssociation Championship game, the Turkey Bowl (\u201cTurkey Bowl\u201d). A contract pursuant to this\nsection shall not require the District to expend funds.\n(b) The Mayor shall not be authorized to assign the authority to contract under\nsubsection (a) of this section to any other party (other than by delegation).\n(c) The Chief Financial Officer shall deposit all cash proceeds received from\nadvertisements and sponsorships pursuant to this section to the credit of the District of Columbia\nPublic Schools in the same manner as that used for donations under section 115 of the District of\nColumbia Appropriations Act, 2003, approved February, 2003 (117 Stat. 123; D.C. Official\nCode \u00a7 1-329.01).\nSec. 3. Fiscal impact statement.\nThe Council adopts the fiscal impact statement of the Budget Director as the fiscal impact\nstatement required by section 602(c)(3) of the District of Columbia Home Rule Act, approved\nDecember 24, 1973 (87 Stat. 813; D.C. Official Code \u00a7 1-206.02(c)(3)).\nSec. 4. Effective date.\nThis act shall take effect following approval by the Mayor (or in the event of veto by the\nMayor, action by the Council to override the veto), and shall remain in effect for no longer than\n90 days, as provided for emergency acts of the Council of the District of Columbia in section\n412(a) of the District of Columbia Home Rule Act, approved December 24, 1973 (87 Stat. 788;\nD.C. Official Code \u00a7 1-204.12(a)).\n\nNot Codified\n\nTurkey Bowl\nRevenue\nGeneration\nand\nSponsorship\nEmergency\nAct of 2014\n\n\f", 
  "end": "4151", 
  "name": "Act_20-433.pdf", 
  "title": "Turkey Bowl Revenue Generation and Sponsorship Emergency Act of 2014"
}