{
  "end": "4454", 
  "name": "Act_20-542.pdf", 
  "start": "4453", 
  "text": "COUNCIL OF THE DISTRICT OF COLUMBIA\n20 DCSTAT 4453\nD.C. Act 20-542, effective December 23, 2014 (Expiration date March 23, 2015)\n\nAN ACT\n\nBill 20-1051\nEmergency\nDeclaration\nRes. 20-742\n20 DCStat 4660\n\nTo declare that the District-owned real property located at 901 Fifth Street, N.W., known for tax and\nassessment purposes as Parcel 0059 in Square 0516, is no longer required for public purposes.\n\nBE IT ENACTED BY THE COUNCIL OF THE DISTRICT OF COLUMBIA, That this\nact may be cited as the \u201cFifth Street, N.W. and I Street, N.W. Surplus Property Declaration\nEmergency Act of 2014\u201d.\n\nSec. 2. Findings.\n(a) The District is the owner of the real property located at 901 Fifth Street, N.W.,\nknown for tax and assessment purposes as Parcel 0059 in Square 0516 (\u201cProperty\u201d). The\nProperty consists of approximately 20,641 square feet of land.\n(b) The Property is no longer required for public purposes because the Property\u2019s\ncondition cannot viably accommodate a District agency use or other public use without cost\nprohibitive new construction. The most pragmatic solution for reactivating this space is to\ndeclare the Property surplus and dispose of the Property for redevelopment.\n(c) The District has satisfied the public hearing requirements of section 1(a-1)(4) of An\nAct Authorizing the sale of certain real estate in the District of Columbia no longer required for\npublic purposes, approved August 5, 1939 (53 Stat. 1211; D.C. Official Code \u00a7 10-801 (a-1)(4))\n(\u201cAct\u201d), a public hearing was held on November 13, 2012, at the Mount Vernon Triangle\nCommunity Improvement District located at 901 4th Street, N.W..\nSec. 3. Pursuant to section 1(a-1) of the Act, the Council determines that the Property is\nno longer required for public purposes.\nSec. 4. Fiscal impact statement.\nThe Council adopts the fiscal impact statement of the Chief Financial Officer as the fiscal\nimpact statement required by section 602(c)(3) of the District of Columbia Home Rule Act,\napproved December 24, 1973 (87 Stat. 813; D.C. Official Code \u00a7 1-206.02(c)(3)).\nSec. 5. Effective date.\nThis act shall take effect following approval by the Mayor (or in the event of veto by the\nMayor, action by the Council to override the veto), and shall remain in effect for no longer than\n90 days, as provided for emergency acts of the Council of the District of Columbia in section\n\nNot Codified\n\nFifth Street,\nN.W. and I\nStreet, N.W.\nSurplus\nProperty\nDeclaration\nEmergency\nAct of 2014\n\n\fCOUNCIL OF THE DISTRICT OF COLUMBIA\n20 DCSTAT 4454\nD.C. Act 20-542, effective December 23, 2014 (Expiration date March 23, 2015)\n\n412(a) of the District of Columbia Home Rule Act, approved December 24, 1973 (87 Stat. 788;\nD.C. Official Code \u00a7 1-204.12(a)).\n\n\f", 
  "title": "Fifth Street, N.W. and I Street, N.W. Surplus Property Declaration Emergency Act of 2014", 
  "council_period": "20"
}