{
  "end": "3070", 
  "name": "Act_20-302.pdf", 
  "start": "3070", 
  "text": "COUNCIL OF THE DISTRICT OF COLUMBIA\nD.C. Act 20-302, effective March 20, 2014 (Expiration date June 18, 2014)\n\n20 DCSTAT 3070\n\nAN ACT\n\nBill 20-698\nEmergency\nDeclaration\nRes. 20-433\n20 DCStat 3133\n\nTo amend, on an emergency basis, section 47-4625 of the District of Columbia Official Code to adjust the\namount of retail space required for the real property known as Kelsey Gardens to qualify for a\nreal property tax abatement.\n\nBE IT ENACTED BY THE COUNCIL OF THE DISTRICT OF COLUMBIA, That this\nact may be cited as the \u201cKelsey Gardens Redevelopment Emergency Act of 2014\u201d.\nSec. 2. Section 47-4625(a)(2) of the District of Columbia Official Code is amended to\nread as follows:\n\u201c(2) Beginning on December 17, 2009, contain approximately 13,363 square feet\nof ground-level retail space; and\u201d.\nSec. 3. Fiscal impact statement.\nThe Council adopts the fiscal impact statement of the Chief Financial Officer as the fiscal\nimpact statement required by section 602(c)(3) of the District of Columbia Home Rule Act,\napproved December 24, 1973 (87 Stat. 813; D.C. Official Code \u00a71-206.02(c)(3)).\nSec. 4. Effective date.\nThis act shall take effect following approval by the Mayor (or in the event of veto\nby the Mayor, action by the Council to override the veto), and shall remain in effect for no longer\nthan 90 days, as provided for emergency acts of the Council of the District of Columbia in\nsection 412(a) of the District of Columbia Home Rule Act, approved December 24, 1973 (87\nStat. 788; D.C. Official Code \u00a7 1-204.12(a)).\n\nCodification\nDistrict of\nColumbia\nOfficial Code\n2001 Edition\nKelsey Gardens\nRedevelopment\nEmergency Act\nof 2014\n\nNote,\n\u00a7 47-4625\n\n\f", 
  "title": "Kelsey Gardens Redevelopment Emergency Act of 2014", 
  "council_period": "20"
}