{
  "start": "1970", 
  "text": "COUNCIL OF THE DISTRICT OF COLUMBIA\n20 DCSTAT 1970\nD.C. Act 20-131, effective July 30, 2013 (Expiration date October 28, 2013)\n\nAN ACT\n\nBill 20-131\nEmergency\nDeclaration\nRes. 20-258\n20 DCStat 2123\n\nTo approve, on an emergency basis, Modification Nos. 1 through 3A to Contract No. DCPL-2009-C-0015C\nwith Hess Construction Company to provide general construction services at the Francis Gregory\nNeighborhood Library and to authorize payment for services received and to be received under\nthe contract.\n\nBE IT ENACTED BY THE COUNCIL OF THE DISTRICT OF COLUMBIA, That this\nact may be cited as the \u201cContract DCPL-2009-C-0015C Modification Approval and Payment\nAuthorization Emergency Act of 2013\u201d.\n\nSec. 2. Pursuant to section 451 of the District of Columbia Home Rule Act, approved\nDecember 24, 1973 (87 Stat. 803; D.C. Official Code \u00a7 1-204.51), and notwithstanding the\nrequirements of section 202 of the Procurement Practices Reform Act of 2010, effective April 8,\n2011 (D.C. Law 18-371; D.C. Official Code \u00a7 2-352.02), the Council approves Modification\nNos. 1 through 3A to Contract No. DCPL-2009-C-0015C with Hess Construction Company and\nauthorizes payment not to exceed $14,004,148.97 for general construction services received and\nto be received under the contract for the period of January 16, 2012, to December 31, 2013.\nSec. 3. Fiscal impact statement.\nThe Council adopts the fiscal impact statement of the Chief Financial Officer as the\nfiscal impact statement required by section 602(c)(3) of the District of Columbia Home Rule\nAct, approved December 24, 1973 (87 Stat. 813; D.C. Official Code \u00a7 1-206.02(c)(3)).\nSec. 4. Effective date.\nThis act shall take effect following approval by the Mayor (or in the event of veto by the\nMayor, action by the Council to override the veto), and shall remain in effect for no longer than\n90 days, as provided for emergency acts of the Council of the District of Columbia in\nsection 412(a) of the District of Columbia Home Rule Act, approved December 24, 1973 (87\nStat. 788; D.C. Official Code \u00a7 1-204.12(a)).\n\nNot Codified\n\nContract\nDCPL-2009C-0015C\nModification\nApproval and\nPayment\nAuthorization\nEmergency\nAct of 2013\n\n\f", 
  "end": "1970", 
  "name": "Act_20-131.pdf", 
  "title": "Contract Dcpl-2009-C-0015c Modification Approval and Payment Authorization Emergency Act of 2013"
}