{
  "end": "3068", 
  "name": "Act_20-299.pdf", 
  "start": "3068", 
  "text": "COUNCIL OF THE DISTRICT OF COLUMBIA\nD.C. Act 20-299, effective March 14, 2014 (Expiration date June 12, 2014)\n\n20 DCSTAT 3068\n\nAN ACT\n\nBill 20-702\nEmergency\nDeclaration\nRes. 20- 435\n20 DCStat 3136\n\nTo amend, on an emergency basis, the Recreation Act of 1994 to clarify that the Department of Parks and\nRecreation\u2019s implementation of its nutritional requirements is not contingent upon promulgation\nof unrelated regulations concerning field and facility permitting.\n\nBE IT ENACTED BY THE COUNCIL OF THE DISTRICT OF COLUMBIA, That this\nact may be cited as the \u201cDepartment of Parks and Recreation Fee-based Use Permit Authority\nClarification Emergency Amendment Act of 2014\u201d.\n\nSec. 2. Section 7a(b)(2) of the Recreation Act of 1994, effective September 14, 2011\n(D.C. Law 19-21; D.C. Official Code \u00a7 10-307(b)(2)), is amended by striking the phrase \u201csection\n3(b-1) and (d), section 3a, and section 3b\u201d and inserting the phrase \u201csection 3(b-1) and (d) and\nsection 3a\u201d in its place.\nSec. 3. Fiscal impact statement.\nThe Council adopts the fiscal impact statement of the Budget Director as the fiscal impact\nstatement required by section 602(c)(3) of the District of Columbia Home Rule Act, approved\nDecember 24, 1973 (87 Stat. 813; D.C. Official Code \u00a7 1-206.02(c)(3)).\nSec. 4. Effective date.\nThis act shall take effect following approval by the Mayor (or in the event of veto by the\nMayor, action by the Council to override the veto), and shall remain in effect for no longer than\n90 days, as provided for emergency acts of the Council of the District of Columbia in section\n412(a) of the District of Columbia Home Rule Act, approved December 24, 1973 (87 Stat. 788;\nD.C. Official Code \u00a7 1-204.12(a)).\n\nCodification\nDistrict of\nColumbia\nOfficial Code\n2001 Edition\nDepartment of\nParks and\nRecreation\nFee-based Use\nPermit\nAuthority\nClarification\nEmergency\nAmendment\nAct of 2014\nNote,\n\u00a7 10-307\n\n\f", 
  "title": "Department of Parks and Recreation Fee-Based Use Permit Authority Clarification Emergency Amendment Act of 2014", 
  "council_period": "20"
}