{
  "start": "1403", 
  "text": "COUNCIL OF THE DISTRICT OF COLUMBIA\nD.C. Act 20-55 effective April 22, 2013 (Expiration date July 10, 2013)\n\n20 DCSTAT 1403\n\nAN ACT\n\nBill 20-209\nEmergency\nDeclaration\nRes. 20-82\n20 DCStat 1465\n\nTo authorize, on an emergency basis, due to Congressional review, the Director of the Department of\nEmployment Services to issue grants from funds appropriated to or received by the Department of\nEmployment Services for workforce job development purposes.\n\nCodification\nDistrict of\nColumbia\nOfficial Code\n2001 Edition\n\nBE IT ENACTED BY THE COUNCIL OF THE DISTRICT OF COLUMBIA, That this\nact may be cited as the \u201cWorkforce Job Development Grant-Making Authority Second\nCongressional Review Emergency Act of 2013\u201d.\n\nWorkforce\nJob\nDevelopment\nGrant-Making\nAuthority\nSecond\nCongressional\nReview\nEmergency\nAct of 2013\n\nSec. 2. Workforce job development grant-making authority.\n(a) The Director of the Department of Employment Services (\u201cDOES\u201d) may issue grants\nto individuals and organizations from the funds made available to the DOES pursuant to local\nappropriations or the federal Workforce Investment Act of 1998, approved August 7, 1998 (112\nStat. 936; 29 U.S.C \u00a7 2822), for workforce development purposes, including increasing\noccupational skills, job retention, employment opportunities, and earnings of the District\u2019s\nworkforce pursuant to:\n(1) Section 2 of the Youth Employment Act of 1979, effective January 5, 1980\n(D.C. Law 3-46; D.C. Official Code \u00a7 32-241);\n(2) Section 2a of the Youth Employment Act of 1979, effective January 5, 1980\n(D.C. Law 3-46; D.C. Official Code \u00a7 32-242);\n(3) Section 203 of the Way to Work Amendment Act of 2006, effective June 8,\n2006 (D.C. Law 16-118; D.C. Official Code \u00a7 32-752);\n(4) Sections 2102 and 2103 of the Transitional Employment Program and\nApprenticeship Initiative Establishment Act of 2005, effective October 20, 2005 (D.C. Law 1633; D.C. Official Code \u00a7\u00a7 32-1331 and 32-1332); and\n(5) Section 11 of the Workforce Investment Implementation Act of 2000,\neffective July 18, 2000 (D.C. Law 13-150; D.C. Official Code \u00a7 32-1610).\n(b) Notwithstanding the provisions of D.C. Official Code \u00a747-368.06, grants that may be\nissued pursuant to this section include grants that the Mayor, Director of the DOES, or an agency\nreceives through an intra-District transfer, a memorandum of understanding, or a reprogramming\nfrom an agency lacking grant-making authority.\n(c) The Mayor, pursuant to Title I of the District of Columbia Administrative\nProcedureAct, approved October 21, 1968 (82 Stat. 1204; D.C. Official Code \u00a7 2-501 et seq.),\nmay issue rules to implement the provisions of this act.\n\nNote,\n\u00a7 1-328.03\n\n\fCOUNCIL OF THE DISTRICT OF COLUMBIA\nD.C. Act 20-55 effective April 22, 2013 (Expiration date July 10, 2013)\n\n20 DCSTAT 1404\n\nSec. 3. Applicability.\nThis act shall apply as of April 11, 2013.\nSec. 4. Fiscal impact statement.\nThe Council adopts the fiscal impact statement of the Chief Financial Officer as the fiscal\nimpact statement required by section 602(c)(3) of the District of Columbia Home Rule Act,\napproved December 24, 1973 (87 Stat. 813; D.C. Official Code \u00a7 1-206.02(c)(3)).\nSec. 5. Effective date.\nThis act shall take effect following approval by the Mayor (or in the event of veto by the\nMayor, action by the Council to override the veto), and shall remain in effect for no longer than\n90 days, as provided for emergency acts of the Council of the District of Columbia in section\n412(a) of the District of Columbia Home Rule Act, approved December 24, 1973 (87 Stat. 813;\nD.C. Official Code \u00a7 1-204.12(a)).\n\nApplicable as\nof April 11,\n2013\n\n\f", 
  "end": "1404", 
  "name": "Act_20-55.pdf", 
  "title": "Workforce Job Development Grant-Making Authority Second Congressional Review Emergency Act of 2013"
}