{
  "start": "522", 
  "text": "COUNCIL OF THE DISTRICT OF COLUMBIA\nD.C. Act 20-38, effective March 19, 2013 (Expiration date June 17, 2013)\n\n20 DCSTAT 522\n\nAN ACT\n\nBill 20-188\nEmergency\nDeclaration\nRes. 20-75\n20 DCStat 798\n\nTo amend, on an emergency basis, section 200.1 of Title 23 of the District of Columbia Municipal\nRegulations to permit an applicant who has submitted a completed license application involving a\nRetailer\u2019s Class B license to apply for and be issued a stipulated Retailer\u2019s Class B license by the\nAlcoholic Beverage Control Board.\n\nCodification\nDistrict of\nColumbia\nOfficial Code\n2001 Edition\n\nBE IT ENACTED BY THE COUNCIL OF THE DISTRICT OF COLUMBIA, That this\nact may be cited as the \u201cStipulated Retailer\u2019s License Class B Emergency Amendment Act of\n2013\u201d.\n\nStipulated\nRetailer\u2019s\nLicense Class\nB Emergency\nAmendment\nAct of 2013\n\nSec. 2. Section 200.1 of Title 23 of the District of Columbia Municipal Regulations (23\nDCMR \u00a7 200.1) is amended as follows:\n(a) Add the phrase \u201cRetailer\u2019s license Class B,\u201d after the phrase \u201cWholesaler license,\u201d\nwherever it appears.\n(b) Strike the phrase \u201cstop serving\u201d and insert the phrase \u201cstop serving or selling\u201d in its\nplace.\nSec. 3. Fiscal impact statement.\nThe Council adopts the fiscal impact statement of Budget Director as the fiscal impact\nstatement required by section 602(c)(3) of the District of Columbia Home Rule Act, approved\nDecember 24, 1973 (87 Stat. 813; D.C. Official Code \u00a7 1-206.02(c)(3)).\nSec. 4. Effective date.\nThis act shall take effect following approval by the Mayor (or in the event of veto by the\nMayor, action by the Council to override the veto), and shall remain in effect for no longer than\n90 days, as provided for emergency acts of the Council of the District of Columbia in section\n412(a) of the District of Columbia Home Rule Act, approved December 24, 1973 (87 Stat. 788;\nD.C. Official Code \u00a7 1-204.12(a)).\n\nDCMR\n\n\f", 
  "end": "522", 
  "name": "Act_20-38.pdf", 
  "title": "Stipulated Retailer\u2019s License Class B Emergency Amendment Act of 2013"
}