{
  "end": "1814", 
  "name": "Act_20-113.pdf", 
  "start": "1814", 
  "text": "COUNCIL OF THE DISTRICT OF COLUMBIA\n20 DCSTAT 1814\nD.C. Act 20-113, effective July 23, 2013 (Expiration date October 21, 2013)\n\nAN ACT\n\nBill 20-352\nEmergency\nDeclaration\nRes. 20-254\n20 DCStat 2112\n\nTo amend, on an emergency basis, An Act Authorizing the sale of certain real estate in the District of\nColumbia no longer required for public purposes to authorize an extension of time to dispose of\nDistrict-owned real property located at 310 7th Street, S.E.\n\nBE IT ENACTED BY THE COUNCIL OF THE DISTRICT OF COLUMBIA, That this\nact may be cited as the \u201cExtension of Time to Dispose of Hine Junior High School Emergency\nAmendment Act of 2013\u201d.\nSec. 2. Section 1 of An Act Authorizing the sale of certain real estate in the District of\nColumbia no longer required for public purposes, approved August 5, 1939 (53 Stat. 1211; D.C.\nOfficial Code \u00a7 10-801), is amended by adding a new subsection (d-8) to read as follows:\n\u201c(d-8) Notwithstanding subsection (d) of this section, the Council extends the time\nperiod within which the Mayor may dispose of real property located at 310 7th Street, S.E., to\nStanton-Eastbanc Hine School Ventures, LLC (or its affiliates or assignees approved by the\nMayor) in accordance with the terms and conditions set forth in the Hine Junior High School\nDisposition Approval Resolution of 2010, effective July 13, 2010 (Res. 18-555; 57 DCR 7628),\nto on or before January 13, 2014.\u201d.\nSec. 3. Applicability.\nThis act shall apply as of July 13, 2013.\nSec. 4. Fiscal impact statement.\nThe Council adopts the fiscal impact statement of the Chief Financial Officer as the fiscal\nimpact statement required by section 602(c)(3) of the District of Columbia Home Rule Act,\napproved December 24, 1973 (87 Stat. 813; D.C. Official Code \u00a71-206-02(c)(3)).\nSec. 5. Effective date.\nThis act shall take effect following approval by the Mayor (or in the event of veto by the\nMayor, action by the Council to override the veto), and shall remain in effect for no longer than\n90 days, as provided for emergency acts of the Council of the District of Columbia in section\n412(a) of the District of Columbia Home Rule Act, approved December 24, 1973 (87 Stat. 788;\nD.C. Official Code \u00a7 1-204.12(a)).\n\nCodification\nDistrict of\nColumbia\nOfficial Code\n2001 Edition\nExtension of\nTime to\nDispose of\nHine Junior\nHigh School\nEmergency\nAmendment\nAct of 2013\nNote,\n\u00a7 10-801\n\nApplicable\nas of\nJuly 13, 2013\n\n\f", 
  "title": "Extension of Time to Dispose of Hine Junior High School Emergency Approval Act of 2013", 
  "council_period": "20"
}