{
  "end": "372", 
  "name": "Act_19-605.pdf", 
  "start": "372", 
  "text": "COUNCIL OF THE DISTRICT OF COLUMBIA\n20 DCSTAT 372\nD.C. Act 19-605, effective January 12, 2013 (Expiration date April 12, 2013)\n\nAN ACT\n\nBill 19-1039\nEmergency\nDeclaration\nRes. 19-772\n20 DCStat 590\n\nTo approve, on an emergency basis, Contract No. DCGO-2011-C-0008-M01 to provide school bus\nmaintenance services, and to authorize payment for the services received under the contract.\n\nNot Codified\n\nBE IT ENACTED BY THE COUNCIL OF THE DISTRICT OF COLUMBIA, That this\nact may be cited as the \u201cContract No. DCGO-2011-C-0008-M01 Approval and Payment\nAuthorization Emergency Act of 2012\u201d.\n\nContract No.\nDCGO-2011C-0008-M01\nApproval and\nPayment\nAuthorization\nEmergency\nAct of 2012\n\nSec. 2. Pursuant to section 451 of the District of Columbia Home Rule Act, approved\nDecember 24, 1973 (87 Stat. 803; D.C. Official Code \u00a7 1-204.51), and notwithstanding the\nrequirements of section 202 of the Procurement Practices Reform Act of 2010, effective April 8,\n2011 (D.C. Law 18-371; D.C. Official Code \u00a7 2-352.02), the Council approves Contract No.\nDCGO-2011-C-0008-M01 with Precision Truck Repair, Inc., to provide school bus maintenance\nservices and authorizes payment in the amount of $1,559,212 for services received under that\ncontract.\nSec. 3. Fiscal impact statement.\nThe Council adopts the fiscal impact statement of the Chief Financial Officer as the fiscal\nimpact statement required by section 602(c)(3) of the District of Columbia Home Rule Act,\napproved December 24, 1973 (87 Stat. 813; D.C. Official Code \u00a7 1-206.02(c)(3)).\nSec. 4. Effective date.\nThis act shall take effect following approval by the Mayor (or in the event of veto by the\nMayor, action by the Council to override the veto), and shall remain in effect for no longer than\n90 days, as provided for emergency acts of the Council of the District of Columbia in section\n412(a) of the District of Columbia Home Rule Act, approved December 24, 1973 (87 Stat. 788;\nD.C. Official Code \u00a7 1-204.12(a)).\n\n\f", 
  "title": "Contract No. DCGO-2011-C-0008-M01 Approval and Payment Authorization Emergency Act of 2012", 
  "council_period": "20"
}