{
  "end": "3876", 
  "name": "Act_20-396.pdf", 
  "start": "3876", 
  "text": "COUNCIL OF THE DISTRICT OF COLUMBIA\nD.C. Act 20-396, effective July 29, 2014 (Expiration date October 27, 2014)\n\n20 DCSTAT 3876\n\nAN ACT\n\nBill 20-876\nEmergency\nDeclaration\nRes. 20-573\n20 DCStat 3988\n\nTo amend, on an emergency basis, the Legalization of Marijuana for Medical Treatment Initiative of 1998\nto expand the definition of a qualifying medical condition to allow physicians to determine\nwhether a patient would benefit from medical marijuana treatment and to increase the number of\nliving plants medical marijuana cultivation centers can possess at any time.\n\nCodification\nDistrict of\nColumbia\nOfficial Code\n2001 Edition\n\nBE IT ENACTED BY THE COUNCIL OF THE DISTRICT OF COLUMBIA, That this\nact may be cited as the \u201cMedical Marijuana Expansion Emergency Amendment Act of 2014\u201d.\n\nMedical\nMarijuana\nExpansion\nEmergency\nAmendment\nAct of 2014\n\nSec. 2. The Legalization of Marijuana for Medical Treatment Initiative of 1998, effective\nFebruary 25, 2010 (D.C. Law 13-315; D.C. Official Code \u00a7 7-1671.01 et seq.), is amended as\nfollows:\n(a) Section 2(17) (D.C. Official Code \u00a7 7-1671.01(17)) is amended to read as follows:\n\u201c(17) \u201cQualifying medical condition\u201d means any condition for which treatment\nwith medical marijuana would be beneficial, as determined by the patient\u2019s physician.\u201d.\n(b) Section 7(e)(2) (D.C. Official Code \u00a7 7-1671.06(e)(2)) is amended by striking the\nnumber \u201c95\u201d and inserting the number \u201c500\u201d in its place.\nSec. 3. Fiscal impact statement.\nThe Council adopts the fiscal impact statement of the Chief Financial Officer as the fiscal\nimpact statement required by section 602(c)(3) of the District of Columbia Home Rule Act,\napproved December 24, 1973 (87 Stat. 813; D.C. Official Code \u00a7 1-206.02(c)(3)).\nSec. 4. Effective date.\nThis act shall take effect following approval by the Mayor (or in the event of veto by the\nMayor, action by the Council to override the veto), and shall remain in effect for no longer than\n90 days, as provided for emergency acts of the Council of the District of Columbia in section\n412(a) of the District of Columbia Home Rule Act, approved December 24, 1973 (87 Stat. 788;\nD.C. Official Code \u00a7 1-204.12(a)).\n\nNote,\n\u00a7 7-1671.01\n\nNote,\n\u00a7 7-1671.06\n\n\f", 
  "title": "Medical Marijuana Expansion Emergency Amendment Act of 2014", 
  "council_period": "20"
}