{
  "start": "4445", 
  "text": "COUNCIL OF THE DISTRICT OF COLUMBIA\n20 DCSTAT 4445\nD.C. Act 20-527, effective December 18, 2014 (Expiration date March 18, 2015)\n\nAN ACT\n\nBill 20-1020\nEmergency\nDeclaration\nRes. 20-721\n20 DCStat 4657\n\nTo approve, on an emergency basis, Modification No. 4 to Contract No. CW24705 with Tri-Gas & Oil,\nInc., to provide biodiesel fuel and to authorize payment for the services received and to be\nreceived under the contract.\n\nBE IT ENACTED BY THE COUNCIL OF THE DISTRICT OF COLUMBIA, That this\nact may be cited as the \u201cModification No. 4 to Contract No. CW24705 Approval and Payment\nAuthorization Emergency Act of 2014\u201d.\n\nSec. 2. Pursuant to section 451 of the District of Columbia Home Rule Act, approved\nDecember 24, 1973 (87 Stat. 803; D.C. Official Code \u00a7 1-204.51), and notwithstanding the\nrequirements of section 202 of the Procurement Practices Reform Act of 2010, effective April 8,\n2011 (D.C. Law 18-371; D.C. Official Code \u00a7 2-352.02), the Council approves Modification\nNo. 4 to Contract No. CW24705 with Tri-Gas & Oil, Inc., to provide biodiesel fuel and\nauthorizes payment in the estimated amount of $2 million for services received and to be\nreceived under the contract.\nSec. 3. Fiscal impact statement.\nThe Council adopts the fiscal impact statement of the Chief Financial Officer as the fiscal\nimpact statement required by section 602(c)(3) of the District of Columbia Home Rule Act,\napproved December 24, 1973 (87 Stat. 813; D.C. Official Code \u00a7 1-206.02(c)(3)).\nSec. 4. Effective date.\nThis act shall take effect following approval by the Mayor (or in the event of veto by the\nMayor, action by the Council to override the veto), and shall remain in effect for no longer than\n90 days, as provided for emergency acts of the Council of the District of Columbia in\nsection 412(a) of the District of Columbia Home Rule Act, approved December 24, 1973 (87\nStat. 788; D.C. Official Code \u00a7 1-204.12(a)).\n\nNot Codified\n\nModification\nNo. 4 to\nContract No.\nCW24705\nApproval and\nPayment\nAuthorization\nEmergency\nAct of 2014\n\n\f", 
  "end": "4445", 
  "name": "Act_20-527.pdf", 
  "title": "Modification No. 4 to Contract No. CW24705 Approval and Payment Authorization Emergency Act of 2014"
}