{
  "start": "2432", 
  "text": "COUNCIL OF THE DISTRICT OF COLUMBIA\n20 DCSTAT 2432\nD.C. Act 20-177, effective October 4, 2013 (Expiration date December 24, 2013)\n\nAN ACT\n\nBill 20-443\nEmergency\nDeclaration\nRes. 20-271\n20 DCStat 2657\n\nTo amend, on an emergency basis, due to Congressional review, the District of Columbia Workers'\nCompensation Act of 1979 to match federal statute of limitations for private-sector employees who\nare injured at work.\n\nBE IT ENACTED BY THE COUNCIL OF THE DISTRICT OF COLUMBIA, That this\nact may be cited as the \u201cWorkers\u2019 Compensation Statute of Limitations Congressional Review\nEmergency Amendment Act of 2013\u201d.\n\nSec. 2. Section 36(b) of the District of Columbia Workers' Compensation Act of 1979,\neffective July 1, 1980 (D.C. Law 3-77; D.C. Official Code \u00a7 32-1535(b)), is amended by adding\na new sentence at the end to read as follows: \u201cIf the employer fails to commence an action\nagainst such third person within 90 days after the cause of action is assigned under this section,\nthe right to bring the action shall revert to the person entitled to compensation.\u201d.\nSec. 3. Applicability.\n(a) This act applies to causes of action for negligence for which the 3-year statute of\nlimitations has not expired.\n(b) This act shall apply as of September 25, 2013.\nSec. 4. Fiscal impact statement.\nThe Council adopts the fiscal impact statement of the Budget Director as the fiscal impact\nstatement required by section 602(c)(3) of the District of Columbia Home Rule Act, approved\nDecember 24, 1973 (87 Stat. 813; D.C. Official Code \u00a7 1-206.02(c))(3)).\nSec. 5. Effective date.\nThis act shall take effect following approval by the Mayor (or in the event of veto by the\nMayor, action by the Council to override the veto), and shall remain in effect for no longer than\n90 days, as provided for emergency acts of the Council of the District of Columbia in section\n412(a) of the District of Columbia Home Rule Act, approved December 24, 1973 (87 Stat. 788;\nD.C. Official Code \u00a7 1-204.12(a)).\n\nCodification\nDistrict of\nColumbia\nOfficial Code\n2001 Edition\nWorkers\u2019\nCompensation\nStatute of\nLimitations\nCongressional\nReview\nEmergency\nAmendment\nAct of 2013\nNote,\n\u00a7 32-1535\n\nApplicable as\nof September\n25, 2013\n\n\f", 
  "end": "2432", 
  "name": "Act_20-177.pdf", 
  "title": "Workers' Compensation Statute of Limitations Congressional Review Emergency Amendment Act of 2013"
}