{
  "end": "3059", 
  "name": "Act_20-287.pdf", 
  "start": "3059", 
  "text": "COUNCIL OF THE DISTRICT OF COLUMBIA\nD.C. Act 20-287, effective February 20, 2014 (Expiration date May 6, 2014)\n\n20 DCSTAT 3059\n\nAN ACT\n\nBill 20-663\nEmergency\nDeclaration\nRes. 20-402\n20 DCStat 3098\n\nTo amend, on an emergency basis, due to Congressional review, the District of Columbia Election Code of\n1955 to establish that each nominating petition circulator must make and sign an affidavit that\nstates that he or she is a qualified petition circulator as that term is defined in the Election Code.\n\nBE IT ENACTED BY THE COUNCIL OF THE DISTRICT OF COLUMBIA, That this\nact may be cited as the \u201cBoard of Elections Nominating Petition Circulator Affidavit\nCongressional Review Emergency Amendment Act of 2014\u201d.\n\nSec. 2. Section 8(b)(3) of the District of Columbia Election Code of 1955, approved\nAugust 12, 1955 (69 Stat. 701; D.C. Official Code \u00a7 1-1001.08(b)(3)), is amended by striking\nthe phrase \u201ccirculator is a registered voter\u201d and inserting the phrase \u201ccirculator is a qualified\npetition circulator\u201d in its place.\nSec. 3. Applicability.\nThis act shall apply as of February 5, 2014.\nSec. 4. Fiscal impact statement.\nThe Council adopts the fiscal impact statement of the Budget Director as the fiscal impact\nstatement required by section 602(c)(3) of the District of Columbia Home Rule Act, approved\nDecember 24, 1973 (87 Stat. 813; D.C. Official Code \u00a7 1-206.02(c)(3)).\nSec. 5. Effective date.\nThis act shall take effect following approval by the Mayor (or in the event of veto by the\nMayor, action by the Council to override the veto), and shall remain in effect for no longer than\n90 days, as provided for emergency acts of the Council of the District of Columbia in section\n412(a) of the District of Columbia Home Rule Act, approved December 24, 1973 (87 Stat. 788;\nD.C. Official Code \u00a7 1-204.12(a)).\n\nCodification\nDistrict of\nColumbia\nOfficial Code\n2001 Edition\nBoard of\nElections\nNominating\nPetition\nCirculator\nAffidavit\nCongressional\nReview\nEmergency\nAmendment\nAct of 2014\nNote,\n\u00a7 1-1001.08\n\nRetroactive\nApplicability\n\n\f", 
  "title": "Board of Elections Nominating Petition Circulator Affidavit Congressional Review Emergency Amendment Act of 2014", 
  "council_period": "20"
}