{
  "end": "1455", 
  "name": "Act_20-97.pdf", 
  "start": "1455", 
  "text": "COUNCIL OF THE DISTRICT OF COLUMBIA\n20 DCSTAT 1455\nD.C. Act 20-97, effective June 27, 2013 (Expiration date September 25, 2013)\n\nAN ACT\n\nBill 20-329\nEmergency\nDeclaration\nRes. 20-154\n20 DCStat 1576\n\nTo approve, on an emergency basis, Modification Nos. 2 through 4 to Contract No. NFPHC-8 between the\nNot-for-Profit Hospital Corporation (\u201cNFPHC\u201d) and Morrison Management Specialists, Inc.\n(\u201cMorrison\u201d) to provide food and nutrition services and management personnel to NFPHC\u2019s\nFood and Nutrition Department and to authorize payment for services received and to be received\nunder the contract.\n\nBE IT ENACTED BY THE COUNCIL OF THE DISTRICT OF COLUMBIA, That this\nact may be cited as the \u201cContract No. NFPHC-8 Modification Nos. 2 through 4 Approval and\nPayment Authorization Emergency Act of 2013\u201d.\n\nSec. 2. Pursuant to section 451 of the District of Columbia Home Rule Act, approved\nDecember 24, 1973 (87 Stat. 803; D.C. Official Code \u00a7 1-204.51), and notwithstanding the\nrequirements of section 202 of the Procurement Practices Reform Act of 2010, effective April 8,\n2011 (D.C. Law 18-371; D.C. Official Code \u00a7 2-252.02), the Council approves Modification\nNos. 2 through 4 to Contract No. NFPHC-8 between NFPHC and Morrison to provide food and\nnutrition services and staffing and authorizes payment in the amount of $2,160,000 for services\nreceived and to be received under the contract.\nSec. 3. Fiscal impact statement.\nThe Council adopts the fiscal impact statement of the Chief Financial Officer as the fiscal\nimpact statement required by section 602(c)(3) of the District of Columbia Home Rule Act,\napproved December 24, 1973 (87 Stat. 813; D.C. Official Code \u00a7 1-206.02(c)(3)).\nSec. 4. Effective date.\nThis act shall take effect following approval by the Mayor (or in the event of veto by the\nMayor, action by the Council to override the veto), and shall remain in effect for no longer than\n90 days, as provided for emergency acts of the Council of the District of Columbia in section\n412(a) of the District of Columbia Home Rule Act, approved December 24, 1973 (87 Stat. 788;\nD.C. Official Code \u00a7 1-204.12(a)).\n\nNot Codified\n\nContract No.\nNFPHC-8\nModification\nNos. 2\nthrough 4\nApproval and\nPayment\nAuthorization\nEmergency\nAct of 2013\n\n\f", 
  "title": "Contract No. Nfphc-8 Modifications 2-4 Approval and Payment Authorization Emergency Act of 2013", 
  "council_period": "20"
}