{
  "start": "3354", 
  "text": "COUNCIL OF THE DISTRICT OF COLUMBIA\n20 DCSTAT 3354\nD.C. Act 20-363, effective June 23, 2014 (Expiration date September 21, 2014)\n\nAN ACT\n\nBill 20-804\nEmergency\nDeclaration\nRes. 20-497\n20 DCStat 3468\n\nTo approve, on an emergency basis, Change Orders Nos. 002 through 005 to Contract No. DCAM-12-CS0152 between the District of Columbia government and Chiaramonte-Hess, A Joint Venture, for\ndesign-build services for Ballou Senior High School, and to authorize payment to ChiaramonteHess, A Joint Venture, in the aggregate amount of $13,658,662 for the goods and services\nreceived and to be received under these change orders.\n\nBE IT ENACTED BY THE COUNCIL OF THE DISTRICT OF COLUMBIA, That this\nact may be cited as the \u201cChange Orders Nos. 002 through 005 to Contract No. DCAM-12-CS0152 Approval and Payment Authorization Emergency Act of 2014\u201d.\nSec. 2. Pursuant to section 451 of the District of Columbia Home Rule Act, approved\nDecember 24, 1973 (87 Stat. 803; D.C. Official Code \u00a7 1-204.51), and notwithstanding the\nrequirements of section 202(a) of the Procurement Practices Reform Act of 2010, effective April\n8, 2011 (D.C. Law 18-371; D.C. Official Code \u00a7 2-352.02(a)), the Council approves Change\nOrders Nos. 002 through 005 to Contract No. DCAM-12-CS-0152 with Chiaramonte-Hess, A\nJoint Venture, for design-build services for Ballou Senior High School, in the aggregate amount\nof $13,658,662, and authorizes payment for the goods and services received and to be received\nunder these change orders.\nSec. 3. Fiscal impact statement.\nThe Council adopts the fiscal statement of the Chief Financial Officer as the fiscal impact\nstatement required by section 602(c)(3) of the District of Columbia Home Rule Act, approved\nDecember 24, 1973 (87 Stat. 813; D.C. Official Code \u00a7 1-206.02(c)(3)).\nSec. 4. Effective date.\nThis act shall take effect following approval by the Mayor (or in the event of veto by the\nMayor, action by the Council to override the veto), and shall remain in effect for no longer than\n90 days, as provided for emergency acts of the Council of the District of Columbia in section\n412(a) of the District of Columbia Home Rule Act, approved December 24, 1973 (87 Stat. 788;\nD.C. Official Code \u00a7 1-204.12(a)).\n\nNot Codified\n\nChange\nOrders Nos.\n002 through\n005 to\nContract No.\nDCAM-12CS-0152\nApproval and\nPayment\nAuthorization\nEmergency\nAct of 2014\n\n\f", 
  "end": "3354", 
  "name": "Act_20-363.pdf", 
  "title": "Change Orders Nos. 002 through 005 to Contract No. DCAM-12-CS-0152 Approval and Payment Authorization Emergency Act of 2014"
}