{
  "end": "4452", 
  "name": "Act_20-541.pdf", 
  "start": "4451", 
  "text": "COUNCIL OF THE DISTRICT OF COLUMBIA\n20 DCSTAT 4451\nD.C. Act 20-541, effective December 23, 2014 (Expiration date March 23, 2015)\n\nAN ACT\n\nBill 20-1050\nEmergency\nDeclaration\nRes. 20-744\n20 DCStat 4663\n\nTo declare that the District-owned real property located at the northeast corner of 19th Street, S.E., and\nMassachusetts Avenue, S.E., and known for tax and assessment purposes as Parcels F-1 and G-1\nin Square E-1112, is no longer required for public purposes.\n\nBE IT ENACTED BY THE COUNCIL OF THE DISTRICT OF COLUMBIA, That this\nact may be cited as the \u201cHill East Redevelopment \u2013 Phase 1: Parcels F-1 and G-1 Surplus\nProperty Declaration Emergency Act of 2014\u201d.\n\nSec. 2. Findings.\n(a) The District is the owner of the real property located at the northeast corner of 19th\nStreet, S.E., and Massachusetts Avenue, S.E., known for tax and assessment purposes as Parcels\nF-1 and G-1 in Square E-1112 (\u201cProperty\u201d). The Property consists of approximately 114,042\nsquare feet of land.\n(b) The Property is no longer required for public purposes because the Property\u2019s\ncondition cannot viably accommodate a District agency use or other public use without cost\nprohibitive new construction. The most pragmatic solution for reactivating this space is to\ndeclare the Property surplus and dispose of the Property for redevelopment.\n(c) The District has satisfied the public hearing requirements of section 1(a-1)(4) of An\nAct Authorizing the sale of certain real estate in the District of Columbia no longer required for\npublic purposes, approved August 5, 1939 (53 Stat. 1211; D.C. Official Code \u00a7 10-801(a-1)(4))\n(\u201cAct\u201d), by holding a public hearing on October 29, 2014, at St. Coletta of Greater Washington,\n1901 Independence Avenue S.E.\nSec. 3. Pursuant to section 1(a-1) of the Act, the Council determines that the Property is\nno longer required for public purposes.\nSec. 4. Fiscal impact statement.\nThe Council adopts the fiscal impact statement of the Chief Financial Officer as the fiscal\nimpact statement required by section 602(c)(3) of the District of Columbia Home Rule Act,\napproved December 24, 1973 (87 Stat. 813; D.C. Official Code \u00a7 1-206.02(c)(3)).\nSec. 5. Effective date.\nThis act shall take effect following approval by the Mayor (or in the event of veto by the\nMayor, action by the Council to override the veto), and shall remain in effect for no longer than\n\nNot Codified\n\nHill East\nRedevelopment\n\u2013 Phase 1:\nParcels F-1 and\nG-1 Surplus\nProperty\nDeclaration\nEmergency Act\nof 2014\n\n\fCOUNCIL OF THE DISTRICT OF COLUMBIA\n20 DCSTAT 4452\nD.C. Act 20-541, effective December 23, 2014 (Expiration date March 23, 2015)\n\n90 days, as provided for emergency acts of the Council of the District of Columbia in section\n412(a) of the District of Columbia Home Rule Act, approved December 24, 1973 (87 Stat. 788;\nD.C. Official Code \u00a7 1-204.12(a)).\n\n\f", 
  "title": "Hill East Redevelopment \u2013 Phase 1: Parcels F-1 and G-1 Surplus Property Declaration Emergency Act of 2014", 
  "council_period": "20"
}