{
  "start": "2002", 
  "text": "COUNCIL OF THE DISTRICT OF COLUMBIA\n20 DCSTAT 2002\nD.C. Act 20-150, effective August 5, 2013 (Expiration date November 3, 2013)\n\nAN ACT\n\nBill 20-398\nEmergency\nDeclaration\nRes. 20-246\n20 DCStat 2102\n\nTo amend, on an emergency basis, An Act To classify the officers and members of the fire department of the\nDistrict of Columbia, and for other purposes to clarify \u201cmajor changes\u201d to the provision of fire\nprotection, fire prevention, or emergency medical services.\n\nCodification\nDistrict of\nColumbia\nOfficial Code\n2001 Edition\n\nBE IT ENACTED BY THE COUNCIL OF THE DISTRICT OF COLUMBIA, That this\nact may be cited as the \u201cFire and Emergency Medical Services Major Changes Emergency\nAmendment Act of 2013\u201d.\n\nFire and\nEmergency\nMedical\nServices\nMajor\nChanges\nEmergency\nAmendment\nAct of 2013\n\nSec. 2. Section 1of An Act To classify the officers and members of the fire department\nof the District of Columbia, and for other purposes, approved June 20, 1906 (34 Stat. 314; D.C.\nOfficial Code \u00a7 5-401 ), is amended by adding a new subsection (b-1) to read as follows:\n\u201c(b-1) For the purposes of this section, the term \u201cmajor changes\u201d does not refer to the\nability of the Department to hire or recruit to fill existing vacancies, to expend budgeted\noperating and capital funding, or to subsequently add those budgeted personnel and apparatus\ninto deployment; provided, that there is no decrease in the existing deployment plan for the\nDepartment to provide fire protection, fire prevention, or emergency medical services.\u201d.\nSec. 3. Fiscal impact statement.\nThe Council adopts the fiscal impact statement of the Budget Director as the fiscal impact\nstatement required by section 602(c)(3) of the District of Columbia Home Rule Act, approved\nDecember 24, 1973 (87 Stat. 813; D.C. Official Code \u00a7 1-206.02(c)(3)).\nSec. 4. Effective date.\nThis act shall take effect following approval by the Mayor (or in the event of veto by the\nMayor, action by the Council to override the veto), and shall remain in effect for no longer than\n90 days, as provided for emergency acts of the Council of the District of Columbia in section\n412(a) of the District of Columbia Home Rule Act, approved December 24, 1973 (87 Stat. 788;\nD.C. Official Code \u00a7 1-204.12(a)).\n\nNote,\n\u00a7 5-401\n\n\f", 
  "end": "2002", 
  "name": "Act_20-150.pdf", 
  "title": "Fire and Emergency Medical Services Major Changes Emergency Amendment Act of 2013"
}