{
  "start": "4428", 
  "text": "COUNCIL OF THE DISTRICT OF COLUMBIA\nD.C. Act 20-507, effective December 8, 2014 (Expiration date March 8, 2015)\n\n20 DCSTAT 4428\n\nAN ACT\n\nBill 20-991\nEmergency\nDeclaration\nRes. 20-690\n20 DCStat 4619\n\nTo approve, on an emergency basis, Modification Nos. 3, 4, 5, 6, 7, 8, 9, 10, and 11 to Contract No. DCKA2010-C-0120 with Insight LLC to provide underground utility-marking services, and to authorize\npayment for the goods and services received and to be received under the contract modifications.\n\nBE IT ENACTED BY THE COUNCIL OF THE DISTRICT OF COLUMBIA, That this\nact may be cited as the \u201cModification Nos. 3, 4, 5, 6, 7, 8, 9, 10, and 11 to Contract No. DCKA2010-C-0120 Approval and Payment Authorization Emergency Act of 2014\u201d.\n\nSec. 2. Pursuant to section 451 of the District of Columbia Home Rule Act, approved\nDecember 24, 1973 (87 Stat. 803; D.C. Official Code \u00a7 1-204.51), and notwithstanding the\nrequirements of section 202 of the Procurement Practices Reform Act of 2010, effective April 8,\n2011 (D.C. Law 18-371; D.C. Official Code \u00a7 2-352.02), the Council approves Modification\nNos. 3, 4, 5, 6, 7, 8, 9, 10, and 11 to Contract No. DCKA-2010-C-0120 with Insight LLC to\nprovide underground utility-marking services, and authorizes payment in the total amount of\n$3,644,525.00 for goods and services received and to be received under the contract\nmodifications.\nSec. 3. Fiscal impact statement.\nThe Council adopts the fiscal impact statement of the Chief Financial Officer as the fiscal\nimpact statement required by section 602(c)(3) of the District of Columbia Home Rule Act,\napproved December 24, 1973 (87 Stat. 813; D.C. Official Code \u00a7 1-206.02(c)(3)).\nSec. 4. Effective date.\nThis act shall take effect following approval by the Mayor (or in the event of veto by the\nMayor, action by the Council to override the veto), and shall remain in effect for no longer than\n90 days, as provided for emergency acts of the Council of the District of Columbia in section\n412(a) of the District of Columbia Home Rule Act, approved December 24, 1973 (87 Stat. 788;\nD.C. Official Code \u00a7 1-204.12(a)).\n\nNot Codified\n\nModification\nNos. 3, 4, 5, 6,\n7, 8, 9, 10, and\n11 to Contract\nNo. DCKA2010-C-0120\nApproval and\nPayment\nAuthorization\nEmergency\nAct of 2014\n\n\f", 
  "end": "4428", 
  "name": "Act_20-507.pdf", 
  "title": "Modification Nos. 3, 4, 5, 6, 7, 8, 9, 10, and 11 to Contract No. DCKA-2010-C-0120 Approval and Payment Authorization Emergency Act of 2014"
}