{
  "start": "1433", 
  "text": "COUNCIL OF THE DISTRICT OF COLUMBIA\nD.C. Act 20-78, effective June 12 (Expiration date September 12, 2013)\n\n20 DCSTAT 1433\n\nAN ACT\n\nBill 20-269\nEmergency\nDeclaration\nRes. 20-145\n20 DCStat 1566\n\nTo approve, on an emergency basis, Change Orders Nos. 1 and 2 and Change Directive No. 2 to Contract\nNo. DCAM-12-M-1031J-FM between the District of Columbia government and Forney\nEnterprises, Inc., for design-build services for the Phase 1 Modernization of Simon Elementary\nSchool, and to authorize payment to Forney Enterprises, Inc., in the aggregate amount of\n$2,737,274.22 for the goods and services received under these change orders and change\ndirective.\n\nBE IT ENACTED BY THE COUNCIL OF THE DISTRICT OF COLUMBIA, That this\nact may be cited as the \u201cChange Orders Nos. 1 and 2 and Change Directive No. 2 to Contract No.\nDCAM-12-M-1031J-FM Approval and Payment Authorization Emergency Act of 2013\u201d.\n\nSec. 2. Pursuant to section 451 of the District of Columbia Home Rule Act, approved\nDecember 24, 1973 (87 Stat. 803; D.C. Official Code \u00a7 1-204.51), and notwithstanding the\nrequirements of section 202(a) of the Procurement Practices Reform Act of 2010, effective April\n8, 2011 (D.C. Law 18-371; D.C. Official Code \u00a7 2-352.02(a)), the Council approves Change\nOrders Nos. 1 and 2 and Change Directive No. 2 to Contract No. DCAM-12-M-1031J-FM with\nForney Enterprises, Inc., for design-build services, additional project scope, outstanding change\nrequests, and the close-out of the Phase 1 project at Simon Elementary School and authorizes\npayment in the aggregate amount of $2,737,274.22 for the goods and services received under\nthese change orders and change directive.\nSec. 3. Fiscal impact statement.\nThe Council adopts the fiscal statement of the Office of the Chief Financial Officer as the\nfiscal impact statement required by section 602(c)(3) of the District of Columbia Home Rule\nAct, approved December 24, 1973 (87 Stat. 813; D.C. Official Code \u00a7 1-206.02(c)(3)).\nSec. 4. Effective date.\nThis act shall take effect following approval by the Mayor (or in the event of veto by the Mayor,\naction by the Council to override the veto), and shall remain in effect for no longer than 90 days,\nas provided for emergency acts of the Council of the District of Columbia in section 412(a) of\nthe District of Columbia Home Rule Act, approved December 24, 1973 (87 Stat. 788; D.C.\nOfficial Code \u00a7 1-204.12(a)).\n\nNot Codified\n\nChange\nOrders Nos. 1\nand 2 and\nChange\nDirective No.\n2 to Contract\nNo. DCAM12-M-1031JFM Approval\nand Payment\nAuthorization\nEmergency\nAct of 2013\n\n\f", 
  "end": "1433", 
  "name": "Act_20-78.pdf", 
  "title": "Change Orders No. 001 and 002 and Change Directive No. 002 to Contract No. Dcam-12-M-1031j-Fm Approval and Payment Authorization Emergency Act of 2013"
}