{
  "start": "438", 
  "text": "COUNCIL OF THE DISTRICT OF COLUMBIA\n20 DCSTAT 438\nD.C. Act 20-4, effective January 29, 2013 (Expiration date April 29, 2013)\n\nAN ACT\n\nBill 20-17\nEmergency\nDeclaration\nRes. 20-17\n20 DCStat 712\n\nTo amend, on an emergency basis, the Legalization of Marijuana for Medical Treatment Initiative of 1999\nto provide that medical marijuana cultivation centers shall not be located in certain Retail\nPriority Areas.\n\nCodification\nDistrict of\nColumbia\nOfficial Code\n2001 Edition\n\nBE IT ENACTED BY THE COUNCIL OF THE DISTRICT OF COLUMBIA, That this\nact may be cited as the \u201cMedical Marijuana Cultivation Center Emergency Amendment Act of\n2013\u201d.\n\nMedical\nMarijuana\nCultivation\nCenter\nEmergency\nAmendment\nAct of 2013\n\nSec. 2. Section 7 of the Legalization of Marijuana for Medical Treatment Initiative of\n1999, effective July 27, 2010 (D.C. Law 18-210; D.C. Official Code \u00a7 7-1671.06), is amended\nby adding a new subsection (g-1) to read as follows:\n\u201c(g-1)(1) A cultivation center shall not be located within a Retail Priority Area, as\ndesignated pursuant to section 4 of the Retail Incentive Act of 2004, effective September 8, 2004\n(D.C. Law 15-185; D.C. Official Code \u00a7 2-1217.73), and as approved by the Council pursuant to\nthe Great Streets Neighborhood Retail Priority Areas Approval Resolution of 2007, effective\nJuly 10, 2007 (Res. 17-257; 54 DCR 7194).\n\u201c(2) The prohibition set forth in paragraph (1) of this subsection shall apply only\nto applications pending as of the effective date of the Medical Marijuana Cultivation Center\nEmergency Amendment Act of 2012, effective April 7, 2012 (D.C. Act 19-339; 59 DCR 2784).\u201d.\n\nNote,\n\u00a7 7-1671.06\n\nSec. 3. Fiscal impact statement.\nThe Council adopts the fiscal impact statement of the Budget Director as the fiscal impact\nstatement required by section 602(c)(3) of the District of Columbia Home Rule Act, approved\nDecember 24, 1973 (87 Stat. 813; D.C. Official Code \u00a7 1-206.02(c)(3)).\nSec. 4. Effective date.\nThis act shall take effect following approval by the Mayor (or in the event of veto by the\nMayor, action by the Council to override the veto), and shall remain in effect for no longer than\n90 days, as provided for emergency acts of the Council of the District of Columbia in section\n412(a) of the District of Columbia Home Rule Act, approved December 24, 1973 (87 Stat. 788;\nD.C. Official Code \u00a7 1-204.12(a)).\n\n\f", 
  "end": "438", 
  "name": "Act_20-4.pdf", 
  "title": "Medical Marijuana Cultivation Center Emergency Amendment Act of 2013"
}