{
  "end": "468", 
  "name": "Act_20-14.pdf", 
  "start": "468", 
  "text": "COUNCIL OF THE DISTRICT OF COLUMBIA\nD.C. Act 20-14, effective March 1, 2013 (Expiration date May 30, 2013)\n\n20 DCSTAT 468\n\nAN ACT\n\nBill 20-83\nEmergency\nDeclaration\nRes. 20-27\n20 DCStat 727\n\nTo approve, on an emergency basis, Change Orders No. 001 through No. 005 to Contract No. DCAM-12M-1031E-FM with MCN Build, LLC to modernize the LaSalle-Backus Education Campus and to\nauthorize payment to MCN Build, LLC in the aggregate amount of $2,299,749.40 for the goods\nand services received and to be received under these change orders.\n\nNot Codified\n\nBE IT ENACTED BY THE COUNCIL OF THE DISTRICT OF COLUMBIA, That this\nact may be cited as the \u201cChange Orders No. 001 through No. 005 to Contract No. DCAM-12-M1031E-FM Approval and Payment Authorization Emergency Act of 2013\u201d.\n\nChange\nOrders No.\n001 through\nNo. 005 to\nContract No.\nDCAM-12-M1031E-FM\nApproval and\nPayment\nAuthorization\nEmergency\nAct of 2013\n\nSec. 2. Pursuant to section 451 of the District of Columbia Home Rule Act, approved\nDecember 24, 1973 (87 Stat. 803; D.C. Official Code \u00a7 1-204.51), and notwithstanding the\nrequirements of section 202(a) of the Procurement Practices Reform Act of 2010, effective April\n8, 2011 (D.C. Law 18-371; D.C. Official Code \u00a7 2-352.02(a)), the Council approves Change\nOrders No. 001 through No. 005 to Contract No. DCAM-12-M-1031E-FM with MCN Build,\nLLC, for design-build services and additional project scope consisting of window replacement\nand the installation of a new elevator and authorizes payment in the aggregate amount of\n$2,299,749.40 for the goods and services received and to be received under these change orders.\nSec. 3. Fiscal impact statement.\nThe Council adopts the fiscal statement of the Chief Financial Officer as the fiscal impact\nstatement required by section 602(c)(3) of the District of Columbia Home Rule Act, approved\nDecember 24, 1973 (87 Stat. 813; D.C. Official Code \u00a7 1-206.02(c)(3)).\nSec. 4. Effective date.\nThis act shall take effect following approval by the Mayor (or in the event of veto by the\nMayor, action by the Council to override the veto), and shall remain in effect for no longer than\n90 days, as provided for emergency acts of the Council of the District of Columbia in section\n412(a) of the District of Columbia Home Rule Act, approved December 24, 1973 (87 Stat. 788;\nD.C. Official Code \u00a7 1-204.12(a)).\n\n\f", 
  "title": "Change Orders No. 001 Through No. 005 to Contract No. Dcam-12-M-1031e-Fm Approval and Payment Authorization Emergency Act of 2013", 
  "council_period": "20"
}