{
  "end": "547", 
  "name": "Act_20-47.pdf", 
  "start": "547", 
  "text": "COUNCIL OF THE DISTRICT OF COLUMBIA\nD.C. Act 20-47, effective March 27, 2013 (Expiration date June 25, 2013)\n\n20 DCSTAT 547\n\nAN ACT\n\nBill 20-187\nEmergency\nDeclaration\nRes. 20-76\n20 DCStat 799\n\nTo approve, on an emergency basis, Modification No. 25 to Contract No. POKV-2006-C-0064 with Xerox\nState and Local Solutions, Inc. to provide ticket processing and related services and to authorize\npayment for goods and services received under the contract.\n\nBE IT ENACTED BY THE COUNCIL OF THE DISTRICT OF COLUMBIA, That this\nact may be cited as the \u201cContract No. POKV-2006-C-0064 Modification Approval and Payment\nAuthorization Emergency Act of 2013\u201d.\nSec. 2. Pursuant to section 451 of the District of Columbia Home Rule Act, approved\nDecember 24, 1973 (87 Stat. 803; D.C. Official Code \u00a7 1-204.51), and notwithstanding the\nrequirements of section 202 of the Procurement Practices Reform Act of 2010, effective April 8,\n2011 (D.C. Law 18-371; D.C. Official Code \u00a7 2-352.02), the Council approves Modification\nNo. 25 to Contract No. POKV-2006-C-0064 with Xerox State and Local Solutions, Inc., and\nauthorizes an increase of the contract ceiling by $1,567,378.00, from $9,407,690.76 to\n$10,975,068.76, for services received under that contract for the period from January 3, 2012 to\nJanuary 2, 2013.\nSec. 3. Fiscal impact statement.\nThe Council adopts the fiscal impact statement of the Chief Financial Officer as the fiscal\nimpact statement required by section 602(c)(3) of the District of Columbia Home Rule Act,\napproved December 24, 1973 (87 Stat. 813; D.C. Official Code \u00a7 1-206.02(c)(3)).\nSec. 4. Effective date.\nThis act shall take effect following approval by the Mayor (or in the event of veto by the\nMayor, action by the Council to override the veto), and shall remain in effect for no longer than\n90 days, as provided for emergency acts of the Council of the District of Columbia in section\n412(a) of the District of Columbia Home Rule Act, approved December 24, 1973 (87 Stat. 788;\nD.C. Official Code \u00a7 1-204.12(a)).\n\nNot\nCodified\n\nContract No.\nPOKV-2006C-0064\nModification\nApproval and\nPayment\nAuthorization\nEmergency\nAct of 2013\n\n\f", 
  "title": "Contract Pokv-2006-C-0064 Modification Approval and Payment Authorization Emergency Act of 2013", 
  "council_period": "20"
}