{
  "start": "1413", 
  "text": "COUNCIL OF THE DISTRICT OF COLUMBIA\nD.C. Act 20-64, effective May 9, 2013 (Expiration date August 7, 2013)\n\n20 DCSTAT 1413\n\nAN ACT\n\nBill 20-189\nEmergency\nDeclaration\nRes. 20-107\n20 DCStat 1494\n\nTo approve, on an emergency basis, Modification Nos. 3 and 4 and proposed Modification No. 5 to\nContract No. DCPO-2012-T-0368 with Accenture Federal Services, LLC, to provide services\nrelated to the maintenance of the District\u2019s Health Insurance Exchange (\u201cHIX\u201d) system and to\nauthorize payment for the goods and services received and to be received under the contract.\n\nBE IT ENACTED BY THE COUNCIL OF THE DISTRICT OF COLUMBIA, That this\nact may be cited as the \u201cContract No. DCPO-2012-T-0368 Modifications Approval and Payment\nAuthorization Emergency Act of 2013\u201d.\nSec. 2. Pursuant to section 451 of the District of Columbia Home Rule Act, approved\nDecember 24, 1973 (87 Stat. 803; D.C. Official Code \u00a7 1-204.51), and notwithstanding the\nrequirements of section 202 of the Procurement Practices Reform Act of 2010, effective April 8,\n2011 (D.C. Law 18-371; D.C. Official Code \u00a7 2-352.02), the Council approves Modification\nNos. 3 and 4 and proposed Modification No. 5 to Contract No. DCPO-2012-T-0368 with\nAccenture Federal Services, LLC, to provide services related to the maintenance of the District\u2019s\nHIX system, and authorizes payment in the amount of $1,344,560.00 for services received and to\nbe received under the contract for option year one.\nSec. 3. Fiscal impact statement.\nThe Council adopts the fiscal impact statement of the Chief Financial Officer as the fiscal\nimpact statement required by section 602(c)(3) of the District of Columbia Home Rule Act,\napproved December 24, 1973 (87 Stat. 813; D.C. Official Code \u00a7 1-206.02(c)(3)).\nSec. 4. Effective date.\nThis act shall take effect following approval by the Mayor (or in the event of veto by the\nMayor, action by the Council to override the veto), and shall remain in effect for no longer than\n90 days, as provided for emergency acts of the Council of the District of Columbia in section\n412(a) of the District of Columbia Home Rule Act, approved December 24, 1973 (87 Stat. 788;\nD.C. Official Code \u00a7 1-204.12(a)).\n\nNot codified\n\nContract No.\nDCPO-2012T-0368\nModifications\nApproval and\nPayment\nAuthorization\nEmergency\nAct of 2013\n\n\f", 
  "end": "1413", 
  "name": "Act_20-64.pdf", 
  "title": "Contract Dcpo-2012-T-0368 Modifications Approval and Payment Authorization Emergency Act of 2013"
}