{
  "end": "2427", 
  "name": "Act_20-173.pdf", 
  "start": "2427", 
  "text": "COUNCIL OF THE DISTRICT OF COLUMBIA\nD.C. Act 20-173, effective October 4, 2013 (Expiration date January 2, 2014)\n\n20 DCSTAT 2427\n\nAN ACT\n\nBill 20-342\nEmergency\nDeclaration\nRes. 20-284\n20 DCStat 2677\n\nTo approve, on an emergency basis, Change Order No. 004 to Contract No. GM-11-M-0912-FM between\nthe District of Columbia government and Parkinson/Grunley Community Builders Joint Venture,\nLLC, for construction management at risk services at Moten Elementary School, and to authorize\npayment to Parkinson/Grunley Community Builders Joint Venture, LLC in the amount of\n$1,500,000 for the goods and services received under Change Order No. 004.\n\nBE IT ENACTED BY THE COUNCIL OF THE DISTRICT OF COLUMBIA, That this\nact may be cited as the \u201cChange Order No. 004 to Contract No. GM-11-M-0912-FM Approval\nand Payment Authorization Emergency Act of 2013\u201d.\n\nSec. 2. Pursuant to section 451 of the District of Columbia Home Rule Act, approved\nDecember 24, 1973 (87 Stat. 803; D.C. Official Code \u00a7 1-204.51), and notwithstanding the\nrequirements of section 202(a) of the Procurement Practices Reform Act of 2010, effective April\n8, 2011 (D.C. Law 18-371; D.C. Official Code \u00a7 2-352.02(a)), the Council approves Change\nOrder No. 004 to Contract No. GM-11-M-0912-FM with Parkinson/Grunley Community\nBuilders Joint Venture, LLC, for construction management at risk services, additional project\nscope, outstanding change requests, and the partial close-out of the project at Moten Elementary\nSchool and authorizes payment in the amount of $1,500,000 for the goods and services received\nunder this change order.\nSec. 3. Fiscal impact statement.\nThe Council adopts the fiscal statement of the Chief Financial Officer as the fiscal impact\nstatement required by section 602(c)(3) of the District of Columbia Home Rule Act, approved\nDecember 24, 1973 (87 Stat. 813; D.C. Official Code \u00a7 1-206.02(c)(3)).\nSec. 4. Effective date.\nThis act shall take effect following approval by the Mayor (or in the event of veto by the\nMayor, action by the Council to override the veto), and shall remain in effect for no longer than\n90 days, as provided for emergency acts of the Council of the District of Columbia in section\n412(a) of the District of Columbia Home Rule Act, approved December 24, 1973 (87 Stat. 788;\nD.C. Official Code \u00a7 1-204.12(a)).\n\nNot Codified\n\nChange Order\nNo. 004 to\nContract No.\nGM-11-M0912-FM\nApproval and\nPayment\nAuthorization\nEmergency\nAct of 2013\n\n\f", 
  "title": "Change Order No. 004 to Contract No. Gm-11-M-0912-Fm Approval and Payment Authorization Emergency Act of 2013", 
  "council_period": "20"
}