{
  "start": "1436", 
  "text": "COUNCIL OF THE DISTRICT OF COLUMBIA\n20 DCSTAT 1436\nD.C. Act 20-81, effective June 12, 2013 (Expiration date September 12, 2013)\n\nAN ACT\n\nBill 20-278\nEmergency\nDeclaration\nRes. 20-147\n20 DCStat 1568\n\nTo approve, on an emergency basis, Change Orders Nos. 1 through 3 to Contract No. DCAM-12-M1031G-FM between the District of Columbia government and Forrester Construction Company,\nfor design-build services for the Phase 1 Modernization of Nalle Elementary School, and to\nauthorize payment to Forrester Construction Company in the amount of $1,815,828.23 for the\ngoods and services received under these change orders.\n\nBE IT ENACTED BY THE COUNCIL OF THE DISTRICT OF COLUMBIA, That this\nact may be cited as the \u201cChange Orders Nos. 1 through 3 to Contract No. DCAM-12-M-1031GFM Approval and Payment Authorization Emergency Act of 2013\u201d.\n\nSec. 2. Pursuant to section 451 of the District of Columbia Home Rule Act, approved\nDecember 24, 1973 (87 Stat. 803; D.C. Official Code \u00a7 1-204.51), and notwithstanding the\nrequirements of section 202(a) of the Procurement Practices Reform Act of 2010, effective April\n8, 2011 (D.C. Law 18-371; D.C. Official Code \u00a7 2-352.02(a)), the Council approves Change\nOrders Nos. 1 through 3 to Contract No. DCAM-12-M-1031G-FM with Forrester Construction\nCompany for design-build services, additional project scope, outstanding change requests, and\nthe close-out of the Phase 1 project at Nalle Elementary School and authorizes payment in the\naggregate amount of $1,815,828.23 for the goods and services received under these change\norders.\nSec. 3. Fiscal impact statement.\nThe Council adopts the fiscal statement of the Office of the Chief Financial Officer as the\nfiscal impact statement required by section 602(c)(3) of the District of Columbia Home Rule\nAct, approved December 24, 1973 (87 Stat. 813; D.C. Official Code \u00a7 1-206.02(c)(3)).\nSec. 4. Effective date.\nThis act shall take effect following approval by the Mayor (or in the event of veto by the\nMayor, action by the Council to override the veto), and shall remain in effect for no longer than\n90 days, as provided for emergency acts of the Council of the District of Columbia in section\n412(a) of the District of Columbia Home Rule Act, approved December 24, 1973 (87 Stat. 788;\nD.C. Official Code \u00a7 1-204.12(a)).\n\nNot Codified\n\nChange\nOrders Nos. 1\nthrough 3 to\nContract No.\nDCAM-12-M1031G-FM\nApproval and\nPayment\nAuthorization\nEmergency\nAct of 2013\n\n\f", 
  "end": "1436", 
  "name": "Act_20-81.pdf", 
  "title": "Change Orders No. 001 Through No. 003 to Contract No. Dcam-12-M-1031g-Fm Approval and Payment Authorization Emergency Act of 2013"
}