{
  "end": "3872", 
  "name": "Act_20-393.pdf", 
  "start": "3872", 
  "text": "COUNCIL OF THE DISTRICT OF COLUMBIA\nD.C. Act 20-393, effective July 29, 2014 (Expiration date October 27, 2014)\n\n20 DCSTAT 3872\n\nAN ACT\n\nBill 20-857\nEmergency\nDeclaration\nRes. 20-553\n20 DCStat 3956\n\nTo approve, on an emergency basis, the Amended and Restated Basic Ordering Agreement for Fiscal Year\n2014 DCPS and DPR Small Construction Projects Contract No. DCAM-14-CS-0001E, including\nTask Order No. 001, between the District of Columbia government and HRGM Corporation, and\nto authorize payment to HRGM Corporation in the amount of $264,774 with a not-to-exceed\namount of $10 million for the goods and services received and to be received under this contract\nand task order.\n\nBE IT ENACTED BY THE COUNCIL OF THE DISTRICT OF COLUMBIA, That this\nact may be cited as the \u201cAmended and Restated Basic Ordering Agreement for Fiscal Year 2014\nDCPS and DPR Small Construction Projects Contract No. DCAM-14-CS-0001E, including Task\nOrder No. 001, Approval and Payment Authorization Emergency Act of 2014\u201d.\n\nSec. 2. Pursuant to section 451 of the District of Columbia Home Rule Act, approved\nDecember 24, 1973 (87 Stat. 803; D.C. Official Code \u00a7 1-204.51), and notwithstanding the\nrequirements of section 202(a) of the Procurement Practices Reform Act of 2010, effective April\n8, 2011 (D.C. Law 18-371; D.C. Official Code \u00a7 2-352.02(a)), the Council approves the\nAmended and Restated Basic Ordering Agreement for Fiscal Year 2014 DCPS and DPR Small\nConstruction Projects Contract No. DCAM-14-CS-0001E, including Task Order No. 001, with\nHRGM Corporation, and authorizes payment to HRGM Corporation in the amount of $264,774\nwith a not-to-exceed amount of $10 million for the goods and services received and to be\nreceived and under this contract and task order.\nSec. 3. Fiscal impact statement.\nThe Council adopts the fiscal impact statement of the Chief Financial Officer as the fiscal\nimpact statement required by section 602(c)(3) of the District of Columbia Home Rule Act,\napproved December 24, 1973 (87 Stat. 813; D.C. Official Code \u00a7 1-206.02(c)(3)).\nSec. 4. Effective date.\nThis act shall take effect following approval by the Mayor (or in the event of veto by the\nMayor, action by the Council to override the veto), and shall remain in effect for no longer than\n90 days, as provided for emergency acts of the Council of the District of Columbia in section\n412(a) of the District of Columbia Home Rule Act, approved December 24, 1973 (87 Stat. 788;\nD.C. Official Code \u00a7 1-204.12(a)).\n\nNot Codified\n\nAmended and\nRestated Basic\nOrdering\nAgreement for\nFiscal Year\n2014 DCPS\nand DPR\nSmall\nConstruction\nProjects\nContract No.\nDCAM-14CS-0001E,\nincluding\nTask Order\nNo. 001,\nApproval and\nPayment\nAuthorization\nEmergency\nAct of 2014\n\n\f", 
  "title": "Amended  and Restated Basic Ordering Agreement for Fiscal Year 2014 DCPS and DPR Small Construction Projects (DCAM-14-CS-0001E), including Task Order No. 001, Approval and Payment Authorization Emergency Act of 2014", 
  "council_period": "20"
}