{
  "end": "465", 
  "name": "Act_20-11.pdf", 
  "start": "464", 
  "text": "COUNCIL OF THE DISTRICT OF COLUMBIA\n20 DCSTAT 464\nD.C. Act 20-11, effective February 20, 2013 (Expiration date April 2, 2013)\n\nAN ACT\n\nBill 20-90\nEmergency\nDeclaration\nRes. 20-25\n20 DCStat 723\n\nTo amend, on an emergency basis, due to Congressional review, An Act Authorizing the sale of certain real\nestate in the District of Columbia no longer required for public purposes to extend the time in\nwhich the Mayor may dispose of certain District-owned real property located at 5131 Nannie\nHelen Burroughs Avenue, N.E., known as the Strand Theater.\n\nBE IT ENACTED BY THE COUNCIL OF THE DISTRICT OF COLUMBIA, That this\nact may be cited as the \u201cExtension of Time to Dispose of the Strand Theater Congressional\nReview Emergency Amendment Act of 2013\u201d.\n\nSec. 2. Section 1 of An Act Authorizing the sale of certain real estate in the District of\nColumbia no longer required for public purposes, approved August 5, 1939 (53 Stat. 1211; D.C.\nOfficial Code \u00a7 10-801), is amended by adding a new subsection (d-6) to read as follows:\n\u201c(d-6) Notwithstanding subsection (d) of this section, the time period within which the\nMayor may dispose of the property located at 5131 Nannie Helen Burroughs Avenue, N.E.,\nknown as the Strand Theater, for which disposition was approved by the Council pursuant to the\nStrand Theater Disposition Approval Resolution of 2009, effective October 6, 2009 (Res. 18263; 56 DCR 8410), and extended by the Strand Theater Disposition Extension Approval\nResolution of 2011, effective September 20, 2011 (Res. 19-246; 58 DCR 8477), is extended to\nOctober 6, 2013.\u201d.\nSec. 3. Applicability.\nThis act shall apply as of January 2, 2013.\nSec. 4. Fiscal impact statement.\nThe Council adopts the fiscal impact statement of the Chief Financial Officer as the\nfiscal impact statement required by section 602(c)(3) of the District of Columbia Home Rule\nAct, approved December 24, 1973 (87 Stat. 813; D.C. Official Code \u00a7 1-206.02(c)(3)).\nSec. 5. Effective date.\nThis act shall take effect following approval by the Mayor (or in the event of veto by the\nMayor, action by the Council to override the veto), and shall remain in effect for no longer than\n90 days, as provided for emergency acts of the Council of the District of Columbia in section\n\nCodification\nDistrict of\nColumbia\nOfficial Code\n2001 Edition\n\nExtension of\nTime to\nDispose of the\nStrand\nTheater\nCongressional\nReview\nEmergency\nAmendment\nAct of 2013\nNote,\n\u00a7 10-801\n\nApplicable\nAs of\nJanuary 2,\n2013\n\n\fCOUNCIL OF THE DISTRICT OF COLUMBIA\n20 DCSTAT 465\nD.C. Act 20-11, effective February 20, 2013 (Expiration date April 2, 2013)\n\n412(a) of the District of Columbia Home Rule Act, approved December 24, 1973 (87 Stat. 788;\nD.C. Official Code \u00a7 1-204.12(a)).\n\n\f", 
  "title": "Extension of Time to Dispose of Strand Theater Emergency Act of 2013", 
  "council_period": "20"
}