{
  "end": "3883", 
  "name": "Act_20-403.pdf", 
  "start": "3883", 
  "text": "COUNCIL OF THE DISTRICT OF COLUMBIA\nD.C. Act 20-403, effective August 1, 2014 (Expiration date October 30, 2014)\n\n20 DCSTAT 3883\n\nAN ACT\n\nBill 20-852\nEmergency\nDeclaration\nRes. 20-555\n20 DCStat 3960\n\nTo approve, on an emergency basis, the Amended and Restated Basic Ordering Agreement for Fiscal Year\n2014 DCPS and DPR Small Construction Projects Contract No. DCAM-14-CS-0001B, including\nTask Orders Nos. 001 and 002, between the District of Columbia government and Broughton\nConstruction, LLC, and to authorize payment to Broughton Construction, LLC, in the amount of\n$860,873.85 with a not-to-exceed amount of $10,000,000, for the goods and services received and\nto be received under this contract and task orders.\n\nBE IT ENACTED BY THE COUNCIL OF THE DISTRICT OF COLUMBIA, That this\nact may be cited as the \u201cAmended and Restated Basic Ordering Agreement for Fiscal Year 2014\nDCPS and DPR Small Construction Projects Contract No. DCAM-14-CS-0001B, including Task\nOrders Nos. 001 and 002, Approval and Payment Authorization Emergency Act of 2014\u201d.\n\nSec. 2. Pursuant to section 451 of the District of Columbia Home Rule Act, approved\nDecember 24, 1973 (87 Stat. 803; D.C. Official Code \u00a7 1-204.51), and notwithstanding the\nrequirements of section 202(a) of the Procurement Practices Reform Act of 2010, effective April\n8, 2011 (D.C. Law 18-371; D.C. Official Code \u00a7 2-352.02(a)), the Council approves the\nAmended and Restated Basic Ordering Agreement for Fiscal Year 2014 DCPS and DPR Small\nConstruction Projects Contract No. DCAM-14-CS-0001B, including Task Orders Nos. 001 and\n002, with Broughton Construction, LLC, in the amount of $860,873.85 with a not-to-exceed\namount of $10 million, and authorizes payment for the goods and services received and to be\nreceived and under this contract and task orders.\nSec. 3. Fiscal impact statement.\nThe Council adopts the fiscal statement of the Chief Financial Officer as the fiscal impact\nstatement required by section 602(c)(3) of the District of Columbia Home Rule Act, approved\nDecember 24, 1973 (87 Stat. 813; D.C. Official Code \u00a7 1-206.02(c)(3)).\nSec. 4. Effective date.\nThis act shall take effect following approval by the Mayor (or in the event of veto by the\nMayor, action by the Council to override the veto), and shall remain in effect for no longer than\n90 days, as provided for emergency acts of the Council of the District of Columbia in\nsection 412(a) of the District of Columbia Home Rule Act, approved December 24, 1973 (87\nStat. 788; D.C. Official Code \u00a7 1-204.12(a)).\n\nNot Codified\n\nAmended and\nRestated Basic\nOrdering\nAgreement for\nFiscal Year\n2014 DCPS\nand DPR\nSmall\nConstruction\nProjects\nContract No.\nDCAM-14CS-0001B,\nincluding\nTask Orders\nNos. 001 and\n002, Approval\nand Payment\nAuthorization\nEmergency\nAct of 2014\n\n\f", 
  "title": "Amended and Restated Basic Ordering Agreement for Fiscal Year 2014 DCPS and DPR Small Construction Projects (DCAM-14-CS-0001B), Including Task Order Nos. 001 and 002, Approval and Payment Authorization Emergency Act of 2014", 
  "council_period": "20"
}