{
  "start": "390", 
  "text": "COUNCIL OF THE DISTRICT OF COLUMBIA\n20 DCSTAT 390\nD.C. Act 19-623, effective January 22, 2013 (Expiration date April 22, 2013)\n\nAN ACT\n\nBill 19-1107\nEmergency\nDeclaration\nRes. 19-762\n20 DCStat 574\n\nTo order, on an emergency basis, the closing of a public alley in Square 393, bounded by Florida Avenue,\nN.W., 8th Street, N.W., and 9th Street, N.W., in Ward 1.\n\nNot Codified\n\nBE IT ENACTED BY THE COUNCIL OF THE DISTRICT OF COLUMBIA, That this\nact may be cited as the \u201cClosing of a Public Alley in Square 393, S.O. 11-08780, Emergency Act\nof 2012\u201d.\n\nClosing of a\nPublic Alley in\nSquare 393,\nS.O. 11-08780,\nEmergency\nAct of 2012\n\nSec. 2. Pursuant to section 201 of the Street and Alley Closing and Acquisition\nProcedures Act of 1982, effective March 10, 1983, (D.C. Law 4-201; D.C. Official Code \u00a7 9202.01), the Council finds that the portion of the public alley in Square 393, as shown on the\nSurveyor\u2019s plat in S.O. 11-08780, is unnecessary for alley purposes and orders it closed, with\ntitle to the land to vest as shown on the Surveyor\u2019s plat.\nSec. 3. Transmittal.\nThe Secretary to the Council shall transmit a copy of this act, upon its effective date, to\nthe Office of the Surveyor.\nSec. 4. Fiscal impact statement.\nThe Council adopts the fiscal impact statement of the Budget Director as the fiscal impact\nstatement required by section 602(c)(3) of the District of Columbia Home Rule Act, approved\nDecember 24, 1973 (87 Stat. 813; D.C. Official Code \u00a71-206.02(c)(3)).\nSec. 5. Effective date.\nThis act shall take effect following approval by the Mayor (or in the event of veto by the\nMayor, action by the Council to override the veto), and shall remain in effect for no longer than\n\n\fCOUNCIL OF THE DISTRICT OF COLUMBIA\n20 DCSTAT 391\nD.C. Act 19-623, effective January 22, 2013 (Expiration date April 22, 2013)\n\n90 days, as provided for emergency acts of the Council of the District of Columbia in section\n412(a) of the District of Columbia Home Rule Act, approved December 24, 1973 (87 Stat. 788;\nD.C. Official Code \u00a7 1-204.12(a)).\n\n\f", 
  "end": "391", 
  "name": "Act_19-623.pdf", 
  "title": "Closing of a Public Alley in Square 393, S.O. 11-08780, Emergency Act of 2012"
}