{
  "end": "3352", 
  "name": "Act_20-361.pdf", 
  "start": "3352", 
  "text": "COUNCIL OF THE DISTRICT OF COLUMBIA\n20 DCSTAT 3352\nD.C. Act 20-361, effective June 18, 2014 (Expiration date September 16, 2014)\n\nAN ACT\n\nBill 20-820\nEmergency\nDeclaration\nRes. 20-508\n20 DCStat 3484\n\nTo approve, on an emergency basis, Modification Nos. 12 and 13 to Contract No. DCKA-2009-C-0123\nwith C&D Tree Service, Inc. to provide tree removal services for the District\u2019s Department of\nTransportation and to authorize payment for services received and to be received under the\ncontract.\n\nBE IT ENACTED BY THE COUNCIL OF THE DISTRICT OF COLUMBIA, That this\nact may be cited as the \u201cContract No. DCKA-2009-C-0123 Modification Nos. 12 and 13\nApproval and Payment Authorization Emergency Act of 2014\u201d.\n\nSec. 2. Pursuant to section 451 of the District of Columbia Home Rule Act, approved\nDecember 24, 1973 (87 Stat. 803; D.C. Official Code \u00a7 1-204.51), and notwithstanding the\nrequirements of section 202 of the Procurement Practices Reform Act of 2010, effective April 8,\n2011 (D.C. Law 18-371; D.C. Official Code \u00a7 2-352.02), the Council approves Modification\nNos. 12 and 13 to Contract No. DCKA-2009-C-0123 with C&D Tree Service, Inc. to provide\ntree removal services to the District\u2019s Department of Transportation, and authorizes payment in\nthe amount of $1,051,200 for services received and to be received under this contract.\nSec. 3. Fiscal impact statement.\nThe Council adopts the fiscal impact statement of the Chief Financial Officer as the fiscal\nimpact statement required by section 602(c)(3) of the District of Columbia Home Rule Act,\napproved December 24, 1973 (87 Stat. 813; D.C. Official Code \u00a7 1-206.02(c)(3)).\nSec. 4. Effective date.\nThis act shall take effect following approval by the Mayor (or in the event of veto by the\nMayor, action by the Council to override the veto), and shall remain in effect for no longer than\n90 days, as provided for emergency acts of the Council of the District of Columbia in section\n412(a) of the District of Columbia Home Rule Act, approved December 24, 1973 (87 Stat. 788;\nD.C. Official Code \u00a7 1-204.12(a)).\n\nNot Codified\n\nContract No.\nDCKA-2009C-0123\nModification\nNos. 12 and 13\nApproval and\nPayment\nAuthorization\nEmergency\nAct of 2014\n\n\f", 
  "title": "Contract No. DCKA-2009-C-0123 Modification Nos. 12 and 13 Approval and Payment Authorization Emergency Act of 2014", 
  "council_period": "20"
}