{
  "end": "4400", 
  "name": "Act_20-476.pdf", 
  "start": "4400", 
  "text": "COUNCIL OF THE DISTRICT OF COLUMBIA\n20 DCSTAT 4400\nD.C. Act 20-476, effective November 10, 2014 (Expiration date February 8, 2015)\n\nAN ACT\n\nBill 20-977\nEmergency\nDeclaration\nRes. 20-659\n20 DCStat 4570\n\nTo approve, on an emergency basis, Modifications Nos. 4-6 to Contract No. NFPHC-121 between the Notfor-Profit Hospital Corporation (\u201cNFPHC\u201d) and Washington Imaging Associates of Maryland\nd/b/a Progressive Radiology (\u201cProgressive\u201d) to provide radiology services at United Medical\nCenter, and to authorize payment for the services received and to be received under the contract\nmodifications.\n\nBE IT ENACTED BY THE COUNCIL OF THE DISTRICT OF COLUMBIA, That this\nact may be cited as the \u201cModification Nos. 4-6 to Contract No. NFPHC-121 Approval and\nPayment Authorization Emergency Act of 2014\u201d.\n\nSec. 2. Pursuant to section 451 of the District of Columbia Home Rule Act, approved\nDecember 24, 1973 (87 Stat. 803; D.C. Official Code \u00a7 1-204.51), and notwithstanding the\nrequirements of section 202 of the Procurement Practices Reform Act of 2010, effective April 8,\n2011 (D.C. Law 18-371; D.C. Official Code \u00a7 2-252.02), the Council approves Modifications\nNos. 4-6 to Contract No. NFPHC-121 between the NFPHC and Progressive to provide, in\nconsultation with the NFPHC, radiology services at United Medical Center, and authorizes\npayment in the total amount of $1,364,900 for services received and to be received under the\ncontract modifications.\nSec. 3. Fiscal impact statement.\nThe Council adopts the fiscal impact statement of the Chief Financial Officer as the fiscal\nimpact statement required by section 602(c)(3) of the District of Columbia Home Rule Act,\napproved December 24, 1973 (87 Stat. 813; D.C. Official Code \u00a7 1-206.02(c)(3)).\nSec. 4. Effective date.\nThis act shall take effect following approval by the Mayor (or in the event of veto by the\nMayor, action by the Council to override the veto), and shall remain in effect for no longer than\n90 days, as provided for emergency acts of the Council of the District of Columbia in section\n412(a) of the District of Columbia Home Rule Act, approved December 24, 1973 (87 Stat. 788;\nD.C. Official Code \u00a7 1-204.12(a)).\n\nNot Codified\n\nModification\nNos. 4-6 to\nContract No.\nNFPHC-121\nApproval and\nPayment\nAuthorization\nEmergency\nAct of 2014\n\n\f", 
  "title": "Modification Nos. 4-6 to Contract No. NFPHC-121 Approval and Payment Authorization Emergency Act of 2014", 
  "council_period": "20"
}