{
  "start": "2612", 
  "text": "COUNCIL OF THE DISTRICT OF COLUMBIA\n20 DCSTAT 2612\nD.C. Act 20-223, effective November 29, 2013 (Expiration date February 27, 2014)\n\nAN ACT\n\nBill 20-527\nEmergency\nDeclaration\nRes. 20-318\n20 DCStat 2733\n\nTo approve, on an emergency basis, Change Orders No. FY13-007 through No. FY13-013 to Contract No.\nGM-10-S-0707A-FM between the District of Columbia government and Keystone Plus\nConstruction Corporation for On-Call Small Capital Projects, and to authorize payment to\nKeystone Plus Construction Corporation in the aggregate amount of $1,352,252.58 for the goods\nand services to be received under these change orders.\n\nBE IT ENACTED BY THE COUNCIL OF THE DISTRICT OF COLUMBIA, That this\nact may be cited as the \u201cChange Orders No. FY13-007 through No. FY13-013 to Contract No.\nGM-10-S-0707A-FM Approval and Payment Authorization Emergency Act of 2013\u201d.\n\nSec. 2. Pursuant to section 451 of the District of Columbia Home Rule Act, approved\nDecember 24, 1973 (87 Stat. 803; D.C. Official Code \u00a7 1-204.51), and notwithstanding the\nrequirements of section 202(a) of the Procurement Practices Reform Act of 2010, effective April\n8, 2011 (D.C. Law 18-371; D.C. Official Code \u00a7 2-352.02(a)), the Council approves Change\nOrders No. FY13-007 through No. FY13-013 to Contract No. GM-10-S-0707A-FM with\nKeystone Plus Construction Corporation for On-Call Small Capital Projects and authorizes\npayment in the aggregate amount of $1,352,252.58 for the goods and services to be received\nunder these change orders.\nSec. 3. Fiscal impact statement.\nThe Council adopts the fiscal statement of the Office of the Chief Financial Officer as the\nfiscal impact statement required by section 602(c)(3) of the District of Columbia Home Rule\nAct, approved December 24, 1973 (87 Stat. 813; D.C. Official Code \u00a7 1-206.02(c)(3)).\nSec. 4. Effective date.\nThis act shall take effect following approval by the Mayor (or in the event of veto by the\nMayor, action by the Council to override the veto), and shall remain in effect for no longer than\n90 days, as provided for emergency acts of the Council of the District of Columbia in section\n412(a) of the District of Columbia Home Rule Act, approved December 24, 1973 (87 Stat. 788;\nD.C. Official Code \u00a7 1-204.12(a)).\n\nNot Codified\n\nChange\nOrders No.\nFY13-007\nthrough No.\nFY13-013 to\nContract No.\nGM-10-S0707A-FM\nApproval and\nPayment\nAuthorization\nEmergency\nAct of 2013\n\n\f", 
  "end": "2612", 
  "name": "Act_20-223.pdf", 
  "title": "Change Order No. Fy13-007 Through No. Fy13-013 to Contract Gm-10-0707a-Fm Approval and Payment Authorization Emergency Act of 2013"
}