{
  "end": "4434", 
  "name": "Act_20-510.pdf", 
  "start": "4434", 
  "text": "COUNCIL OF THE DISTRICT OF COLUMBIA\nD.C. Act 20-510, effective December 8, 2014 (Expiration date March 8, 2015)\n\n20 DCSTAT 4434\n\nAN ACT\n\nBill 20-997\nEmergency\nDeclaration\nRes. 20-688\n20 DCStat 4616\n\nTo amend, on an emergency basis, section 47-1812.08 of the District of Columbia Official Code to exclude\nthe standard deduction from withholding calculations for an employer.\n\nCodification\nDistrict of\nColumbia\nOfficial Code\n2001 Edition\n\nBE IT ENACTED BY THE COUNCIL OF THE DISTRICT OF COLUMBIA, That this\nact may be cited as the \u201cStandard Deduction Withholding Clarification Emergency Amendment\nAct of 2014\u201d.\n\nStandard\nDeduction\nWithholding\nClarification\nEmergency\nAmendment\nAct of 2014\n\nSec. 2. Section 47-1812.08(b) of the District of Columbia Official Code is amended by\nadding a new paragraph (1A) to read as follows:\n\u201c(1A) Notwithstanding which method of determination for withholding set forth in\nparagraph (1) of this subsection is used, no allowance for the standard deduction shall be\npermitted.\u201d.\n\nNote,\n\u00a7 47-1812.08\n\nSec. 3. Fiscal impact statement.\nThe Council adopts the fiscal impact statement of the Chief Financial Officer as the fiscal\nimpact statement required by section 602(c)(3) of the District of Columbia Home Rule Act,\napproved December 24, 1973 (87 Stat. 813; D.C. Official Code \u00a7 1-206.02(c)(3)).\nSec. 4. Effective date.\nThis act shall take effect following approval by the Mayor (or in the event of veto by the\nMayor, action by the Council to override the veto), and shall remain in effect for no longer than\n90 days, as provided for emergency acts of the Council of the District of Columbia in section\n412(a) of the District of Columbia Home Rule Act, approved December 24, 1973 (87 Stat. 788;\nD.C. Official Code \u00a7 1-204.12(a)).\n\n\f", 
  "title": "Standard Deduction Withholding Clarification Emergency Amendment Act of 2014", 
  "council_period": "20"
}