{
  "end": "3297", 
  "name": "Act_20-314.pdf", 
  "start": "3297", 
  "text": "COUNCIL OF THE DISTRICT OF COLUMBIA\nD.C. Act 20-314, effective April 28, 2014 (Expiration date July 27, 2014)\n\n20 DCSTAT 3297\n\nAN ACT\n\nBill 20-737\nEmergency\nDeclaration\nRes. 20-458\n20 DCStat 3392\n\nTo approve, on an emergency basis, Modification Nos. 8 and 9 to Task Order No. DCKA-2013-T-0006 to\nAlta Bicycle Share, Inc. for services and equipment received by the District Department of\nTransportation for the Capital Bikeshare Program and to authorize payments for the services and\nequipment received and to be received under the modifications .\n\nBE IT ENACTED BY THE COUNCIL OF THE DISTRICT OF COLUMBIA, That this\nact may be cited as the \u201cModification Nos. 8 and 9 to Task Order No. DCKA-2013-T-0006\nApproval and Payment Authorization Emergency Act of 2014\u201d.\n\nSec. 2. Pursuant to section 451 of the District of Columbia Home Rule Act, approved\nDecember 24, 1973 (87 Stat. 803; D.C. Official Code \u00a7 1-204.51), and notwithstanding the\nrequirements of section 202 of the Procurement Practices Reform Act of 2010, effective April 8,\n2011 (D.C. Law 18-371; D.C. Official Code \u00a7 2-352.02), the Council approves Modification\nNos.8 and 9 to Task Order No. DCKA-2013-T-0006 for the Capital Bikeshare Program for the\nDistrict Department of Transportation, and authorizes payment in the amount of $8,587,062.30\nfor services and equipment received and to be received under these modifications.\nSec. 3. Fiscal impact statement.\nThe Council adopts the fiscal impact statement of the Chief Financial Officer as the fiscal\nimpact statement required by section 602(c)(3) of the District of Columbia Home Rule Act,\napproved December 24, 1973 (87 Stat. 813; D.C. Official Code \u00a7 1-206.02(c)(3)).\nSec. 4. Effective date.\nThis act shall take effect following approval by the Mayor (or in the event of veto by the\nMayor, action by the Council to override the veto), and shall remain in effect for no longer than\n90 days, as provided for emergency acts of the Council of the District of Columbia in section\n412(a) of the District of Columbia Home Rule Act, approved December 24, 1973 (87 Stat. 788;\nD.C. Official Code \u00a7 1-204.12(a)).\n\nNot Codified\n\nModification\nNos. 8 and 9\nto Task Order\nNo. DCKA2013-T-0006\nApproval and\nPayment\nAuthorization\nEmergency\nAct of 2014\n\n\f", 
  "title": "Modifications 8 and 9 to Task Order No. DCKA-2013-T-0006 Approval and Payment Authorization Emergency Act of 2014", 
  "council_period": "20"
}