{
  "end": "1820", 
  "name": "Act_20-124.pdf", 
  "start": "1820", 
  "text": "COUNCIL OF THE DISTRICT OF COLUMBIA\n20 DCSTAT 1820\nD.C. Act 20-124, effective July 26, 2013 (Expiration date October 24, 2013)\n\nAN ACT\n\nBill 20-330\nEmergency\nDeclaration\nRes. 20-253\n20 DCStat 2111\n\nTo approve, on an emergency basis, Change Orders No. 001 through No. 006 to Contract No. GM-10DPR-0308B-FM for design-build services for Raymond Recreation Center between the District of\nColumbia government and AF/F&L, INC-SIGAL, LLC, and to authorize payment to AF/F&L,\nINC-SIGAL, LLC, in the aggregate amount of $3,049,148 for the goods and services to be\nreceived under these change orders.\n\nBE IT ENACTED BY THE COUNCIL OF THE DISTRICT OF COLUMBIA, That this\nact may be cited as the \u201cChange Orders No. 001 through No. 006 to Contract No. GM-10-DPR0308B-FM Approval and Payment Authorization Emergency Act of 2013\u201d.\n\nSec. 2. Pursuant to section 451 of the District of Columbia Home Rule Act, approved\nDecember 24, 1973 (87 Stat. 803; D.C. Official Code \u00a7 1-204.51), and notwithstanding the\nrequirements of section 202(a) of the Procurement Practices Reform Act of 2010, effective April\n8, 2011 (D.C. Law 18-371; D.C. Official Code \u00a7 2-352.02(a)), the Council approves Change\nOrders No. 001 through No. 006 to Contract No. GM-10-DPR-0308B-FM with AF/F&L, INCSIGAL, LLC, for design-build services and additional project scope, including the construction of\na new playground and athletic field, at Raymond Recreation Center, and changes to improve\naccessibility to the Raymond Recreation Center, and authorizes payment in the aggregate amount\nof $3,049,148 for the goods and services to be received under these change orders.\nSec. 3. Fiscal impact statement.\nThe Council adopts the fiscal statement of the Office of the Chief Financial Officer as the\nfiscal impact statement required by section 602(c)(3) of the District of Columbia Home Rule\nAct, approved December 24, 1973 (87 Stat. 813; D.C. Official Code \u00a7 1-206.02(c)(3)).\nSec. 4. Effective date.\nThis act shall take effect following approval by the Mayor (or in the event of veto by the\nMayor, action by the Council to override the veto), and shall remain in effect for no longer than\n90 days, as provided for emergency acts of the Council of the District of Columbia in section\n412(a) of the District of Columbia Home Rule Act, approved December 24, 1973 (87 Stat. 788;\nD.C. Official Code \u00a7 1-204.12(a)).\n\nNot Codified\n\nChange\nOrders No.\n001 through\nNo. 006 to\nContract No.\nGM-10-DPR0308B-FM\nApproval and\nPayment\nAuthorization\nEmergency\nAct of 2013\n\n\f", 
  "title": "Change Order No. 001 Through No. 006 to Contract No. Gm-10-Dpr-0308b-Fm Approval and Payment Authorization Emergency Act of 2013", 
  "council_period": "20"
}