{
  "end": "3296", 
  "name": "Act_20-313.pdf", 
  "start": "3296", 
  "text": "COUNCIL OF THE DISTRICT OF COLUMBIA\nD.C. Act 20-313, effective April 28, 2014 (Expiration date July 27, 2014)\n\n20 DCSTAT 3296\n\nAN ACT\n\nBill 20-729\nEmergency\nDeclaration\nRes. 20-457\n20 DCStat 3391\n\nTo approve, on an emergency basis, Delivery Order Contract No. PO489769 and Modification Nos. 2 and\n3 to the contract with International Salt Company, LLC, for the purchase of road deicing salt and\nto authorize payment for the goods received and to be received under the contract.\n\nBE IT ENACTED BY THE COUNCIL OF THE DISTRICT OF COLUMBIA, That this\nact may be cited as the \u201cContract No. PO489769 and Modifications Nos. 2 and 3 Approval and\nPayment Authorization Emergency Act of 2014\u201d.\n\nSec. 2. Pursuant to section 451(b)(1) of the District of Columbia Home Rule Act,\napproved December 24, 1973 (87 Stat. 803; D.C. Official Code \u00a7 1-204.51), and notwithstanding\nthe requirements of section 202 of the Procurement Practices Reform Act of 2010, effective\nApril 8, 2011 (D.C. Law 18-371; D.C. Official Code \u00a7 2-352.02), the Council approves Contract\nNo. PO489769 and Modifications Nos. 2 and 3 to the contract to provide road deicing salt for the\nDepartment of Public Works\u2019 snow removal program and authorizes payment in an amount not\nto exceed $1,248,242.17 for goods received and to be received under the contract.\nSec. 3. Fiscal impact statement.\nThe Council adopts the fiscal impact statement of the Chief Financial Officer as the fiscal\nimpact statement required by section 602(c)(3) of the District of Columbia Home Rule Act,\napproved December 24, 1973 (87 Stat. 813; D.C. Official Code \u00a7 1-206.02(c)(3)).\nSec. 4. Effective date.\nThis act shall take effect following approval by the Mayor (or in the event of veto by the\nMayor, action by the Council to override the veto), and shall remain in effect for no longer than\n90 days, as provided for emergency acts of the Council of the District of Columbia in section\n412(a) of the District of Columbia Home Rule Act, approved December 24, 1973 (87 Stat. 788;\nD.C. Official Code \u00a7 1-204.12(a\n\nNot Codified\n\nContract No.\nPO489769 and\nModifications\nNos. 2 and 3\nApproval and\nPayment\nAuthorization\nEmergency\nAct of 2014\n\n\f", 
  "title": "Contract No. PO489769 and Modifications Nos. 2 and 3 Approval and Payment Authorization Emergency Act of 2014", 
  "council_period": "20"
}