{
  "start": "3311", 
  "text": "COUNCIL OF THE DISTRICT OF COLUMBIA\nD.C. Act 20-329, effective May 22, 2014 (Expiration date August 20, 2014)\n\n20 DCSTAT 3311\n\nAN ACT\n\nBill 20-775\nEmergency\nDeclaration\nRes. 20-471\n20 DCStat 3413\n\nTo amend, on an emergency basis, the Health Benefit Exchange Authority Establishment Act of 2011 to\nprovide for the financial sustainability of the Health Benefit Exchange Authority.\n\nBE IT ENACTED BY THE COUNCIL OF THE DISTRICT OF COLUMBIA, That this\nact may be cited as the \u201cHealth Benefit Exchange Authority Financial Sustainability Emergency\nAmendment Act of 2014\u201d.\n\nSec. 2. The Health Benefit Exchange Authority Establishment Act of 2011, effective\nMarch 2, 2012 (D.C. Law 19-94; D.C. Official Code \u00a7 31-3171.01 et seq.), is amended as\nfollows:\n(a) Section 2 (D.C. Official Code \u00a7 31-3171.01) is amended as follows:\n(1) A new paragraph (3A) is added to read as follows:\n\u201c(3A) \u201cDirect gross receipts\u201d means all policy and membership fees and net\npremium receipts or consideration received in a calendar year on all health insurance carrier risks\noriginating in or from the District of Columbia.\u201d.\n(2) A new paragraph (8C) is added to read as follows:\n\u201c(8C) \u201cNet premium receipts or consideration received\u201d means gross premiums or\nconsideration received less the sum of premiums received for reinsurance assumed and\npremiums or consideration returned on policies or contracts canceled or not taken.\u201d.\n(b) Section 4 (D.C. Official Code \u00a7 31-3171.03) is amended by adding a new subsection\n(f) to read as follows:\n\u201c(f)(1) The Authority shall annually assess, through a \u201cNotice of Assessment,\u201d each\nhealth carrier doing business in the District with direct gross receipts of $50,000 or greater in the\npreceding calendar year an amount based on a percentage of its direct gross receipts for the\npreceding calendar year. These assessments shall be deposited in the Fund.\n\u201c(2) The Authority shall adjust the assessment rate in each assessable year. The\namount assessed shall not exceed reasonable projections regarding the amount necessary to\nsupport the operations of the Authority.\n\u201c(3) Each health carrier shall pay to the Authority the amount stated in the Notice\nof Assessment within 30 business days of receipt of the Notice of Assessment.\n\nCodification\nDistrict of\nColumbia\nOfficial Code\n2001 Edition\n\nHealth Benefit\nExchange\nAuthority\nFinancial\nSustainability\nEmergency\nAmendment\nAct of 2014\n\nNote,\n\u00a7 31-3171.01\n\nNote,\n\u00a7 31-3171.03\n\n\fCOUNCIL OF THE DISTRICT OF COLUMBIA\nD.C. Act 20-329, effective May 22, 2014 (Expiration date August 20, 2014)\n\n20 DCSTAT 3312\n\n\u201c(4) Any failure to pay the assessment shall subject the health carrier to section 5\nof the Insurance Regulatory Trust Fund Act of 1993, effective October 21, 1993 (D.C. Law 1040; D.C. Official Code \u00a7 31-1204).\u201d.\nSec. 3. Fiscal impact statement.\nThe Council adopts the fiscal impact statement of the Chief Financial Officer as the fiscal\nimpact statement required by section 602(c)(3) of the District of Columbia Home Rule Act,\napproved December 24, 1973 (87 Stat. 813; D.C. Official Code \u00a7 1-206.02(c)(3)).\nSec. 4. Effective date.\nThis act shall take effect following approval by the Mayor (or in the event of veto by the\nMayor, action by the Council to override the veto), and shall remain in effect for no longer than\n90 days, as provided for emergency acts of the Council of the District of Columbia in section\n412(a) of the District of Columbia Home Rule Act, approved December 24, 1973 (87 Stat. 788;\nD.C. Official Code \u00a7 1-204.12(a)).\n\n\f", 
  "end": "3312", 
  "name": "Act_20-329.pdf", 
  "title": "Health Benefit Exchange Authority Financial Sustainability Emergency Amendment Act of 2014"
}