{
  "start": "349", 
  "text": "COUNCIL OF THE DISTRICT OF COLUMBIA\n20 DCSTAT 349\nD.C. Act 19-603, effective January 14, 2013 (Expiration date April 14, 2013)\n\nAN ACT\n\nBill 19-1089\nEmergency\nDeclaration\nRes. 19-760\n20 DCStat 571\n\nTo amend, on an emergency basis, section 47-1086 of the District of Columbia Official Code to restore the\napplicability provision of the real-property-tax exemption granted to the United House of Prayer\nfor All People.\n\nCodification\nDistrict of\nColumbia\nOfficial Code\n2001 Edition\n\nBE IT ENACTED BY THE COUNCIL OF THE DISTRICT OF COLUMBIA, That this\nact may be cited as the \u201cUnited House of Prayer for All People Real Property Tax Exemption\nTechnical Emergency Act of 2012\u201d.\n\nUnited House\nof Prayer for\nAll People\nReal Property\nTax\nExemption\nTechnical\nEmergency\nAct of 2012\n\nSec. 2. Section 47-1086 of the District of Columbia Official Code is amended by adding\na new subsection (c) to read as follows:\n\u201c(c) This section shall apply as of March 1, 2011.\u201d.\n\nNote,\n\u00a7 47-1086\n\nSec. 3. Fiscal impact statement.\nThe Council adopts the fiscal impact statement of the Budget Director as the fiscal impact\nstatement required by section 602(c)(3) of the District of Columbia Home Rule Act, approved\nDecember 24, 1973 (87 Stat. 813; D.C. Official Code \u00a7 1-206.02(c)(3)).\nSec. 4. Effective date.\nThis act shall take effect following approval by the Mayor (or in the event of veto by the\nMayor, action by the Council to override the veto), and shall remain in effect for no longer than\n90 days, as provided for emergency acts of the Council of the District of Columbia in section\n412(a) of the District of Columbia Home Rule Act, approved December 24, 1973 (87 Stat. 788;\nD.C. Official Code \u00a7 1-204.12(a)).\n\n\f", 
  "end": "349", 
  "name": "Act_19-603.pdf", 
  "title": "United House of Prayer for All People Real Property Tax Exemption Technical Emergency Act of 2012"
}