{
  "start": "2614", 
  "text": "COUNCIL OF THE DISTRICT OF COLUMBIA\n20 DCSTAT 2614\nD.C. Act 20-225, effective November 29, 2013 (Expiration date February 27, 2014)\n\nAN ACT\n\nBill 20-538\nEmergency\nDeclaration\nRes. 20-337\n20 DCStat 2769\n\nTo approve, on an emergency basis, Modification No. 6 to Human Care Agreement DCJM-2009-H-002009 with Ward & Ward Mental Health Services, Inc.; Modification No. 5 to Human Care\nAgreement DCJM-2009-H-0020-08 with Multi-Therapeutic Services, Inc.; and Modification No.\n1 to Human Care Agreement DCJM-2012-H-0004-02 with Capital Care, Inc., to provide\nresidential services to District residents with intellectual and developmental disabilities and to\nauthorize payment for the services received and to be received under those contracts.\n\nBE IT ENACTED BY THE COUNCIL OF THE DISTRICT OF COLUMBIA, That this\nact may be cited as the \u201cOmnibus Residential Services Human Care Agreements Modifications\nApproval and Payment Authorization Emergency Act of 2013\u201d.\n\nSec. 2. Pursuant to section 451 of the District of Columbia Home Rule Act, approved\nDecember 24, 1973 (87 Stat. 803; D.C. Official Code \u00a7 1-204.51), and notwithstanding the\nrequirements of section 202 of the Procurement Practices Reform Act of 2010, effective April 8,\n2011 (D.C. Law 18-371; D.C. Official Code \u00a7 2-352.02), the Council approves Modification No.\n6 to Contract Human Care Agreement DCJM-2009-H-0020-09 with Ward & Ward Mental\nHealth Services, Inc., and authorizes payment in the amount of $1,282,750.37 for services\nreceived and to be received under that contract for option year 4; approves Modification No. 5 to\nContract Human Care Agreement DCJM-2009-H-0020-08 with Multi-Therapeutic Services, Inc.,\nand authorizes payment in the amount of $1,299,317.00 for services received and to be received\nunder that contract for option year 4; and approves Modification No. 1 to Contract Human Care\nAgreement DCJM-2012-H-0004-02 with Capital Care, Inc., and authorizes payment in the\namount of $1,146,300.96 for services received and to be received under that contract for option\nyear one.\nSec. 3. Fiscal impact statement.\nThe Council adopts the fiscal impact statement of the Chief Financial Officer as the fiscal\nimpact statement required by section 602(c)(3) of the District of Columbia Home Rule Act,\napproved December 24, 1973 (87 Stat. 813; D.C. Official Code \u00a7 1-206.02(c)(3)).\n\nSec. 4. Effective date.\nThis act shall take effect following approval by the Mayor (or in the event of veto by the\nMayor, action by the Council to override the veto), and shall remain in effect for no longer than\n\nNot Codified\n\nOmnibus\nResidential\nServices\nHuman Care\nAgreements\nModifications\nApproval and\nPayment\nAuthorization\nEmergency\nAct of 2013\n\n\fCOUNCIL OF THE DISTRICT OF COLUMBIA\n20 DCSTAT 2615\nD.C. Act 20-225, effective November 29, 2013 (Expiration date February 27, 2014)\n\n90 days, as provided for emergency acts of the Council of the District of Columbia in section\n412(a) of the District of Columbia Home Rule Act, approved December 24, 1973 (87 Stat. 788;\nD.C. Official Code \u00a7 1-204.12(a)).\n\n\f", 
  "end": "2615", 
  "name": "Act_20-225.pdf", 
  "title": "Omnibus Residential Services Human Care Agreements Modifications Approval and Payment Authorization Emergency Act of 2013"
}