{
  "start": "1816", 
  "text": "COUNCIL OF THE DISTRICT OF COLUMBIA\n20 DCSTAT 1816\nD.C. Act 20-115, effective July 23, 2013 (Expiration date October 21, 2013)\n\nAN ACT\n\nBill 20-374\nEmergency\nDeclaration\nRes. 20-259\n20 DCStat 2124\n\nTo approve, on an emergency basis, Task Order No. DCKA-2013-T-0006 to Alta Bicycle Share, Inc. for\nservices and equipment received and to be received by the District Department of Transportation\nfor the Capital Bikeshare Program.\n\nBE IT ENACTED BY THE COUNCIL OF THE DISTRICT OF COLUMBIA, That this\nact may be cited as the \u201cTask Order No. DCKA-2013-T-0006 Approval and Payment\nAuthorization Emergency Act of 2013\u201d.\n\nSec. 2. Pursuant to section 451 of the District of Columbia Home Rule Act, approved\nDecember 24, 1973 (87 Stat. 803; D.C. Official Code \u00a7 1-204.51), and notwithstanding the\nrequirements of section 202 of the Procurement Practices Reform Act of 2010, effective April 8,\n2011 (D.C. Law 18-371; D.C. Official Code \u00a7 2-352.02), and of section 2425.9 of Title 27 of the\nDistrict of Columbia Municipal Regulations (27 DCMR \u00a7 2425.9), the Council approves Task\nOrder No. DCKA-2013-T-0006 for the Capital Bikeshare Program, and authorizes payment in\nthe amount of $6,431,331.27 for services and equipment received and to be received under the\ntask order.\nSec. 3. Fiscal impact statement.\nThe Council adopts the fiscal impact statement of the Chief Financial Officer as the fiscal\nimpact statement required by section 602(c)(3) of the District of Columbia Home Rule Act,\napproved December 24, 1973 (87 Stat. 813; D.C. Official Code \u00a7 1-206.02(c)(3)).\nSec. 4. Effective date.\nThis act shall take effect following approval by the Mayor (or in the event of veto by the\nMayor, action by the Council to override the veto), and shall remain in effect for no longer than\n90 days, as provided for emergency acts of the Council of the District of Columbia in section\n412(a) of the District of Columbia Home Rule Act, approved December 24, 1973 (87 Stat. 788;\nD.C. Official Code \u00a7 1-204.12(a)).\n\nNot Codified\n\nTask Order\nNo. DCKA2013-T-0006\nApproval and\nPayment\nAuthorization\nEmergency\nAct of 2013\n\n\f", 
  "end": "1816", 
  "name": "Act_20-115.pdf", 
  "title": "Task Order No. Dcka-2013-T-0006 Approval and Payment Authorization Emergency Act of 2013"
}