{
  "start": "2616", 
  "text": "COUNCIL OF THE DISTRICT OF COLUMBIA\n20 DCSTAT 2616\nD.C. Act 20-226, effective November 29, 2013 (Expiration date January 29, 2014)\n\nAN ACT\n\nBill 20-550\nEmergency\nDeclaration\nRes. 20-314\n20 DCStat 2727\n\nTo establish, on an emergency basis, due to Congressional review, the Center for Creative Non-Violence\nand District Government Task Force to advise the Council and the Mayor regarding the future use\nof the building and property owned by the District located at 425 2nd Street, N.W., and the future\nuse of property owned by the Center for Creative Non-Violence adjacent to the District property,\nto establish better shelter space and homeless services, and to explore options for affordable\nworkforce housing and transitional housing for homeless District residents.\n\nBE IT ENACTED BY THE COUNCIL OF THE DISTRICT OF COLUMBIA, That this\nact may be cited as the \u201cCCNV Task Force Congressional Review Emergency Act of 2013\u201d.\n\nSec. 2. Establishment of the Center for Creative Non-Violence and District Government\nTask Force.\n(a) There is established the Center for Creative Non-Violence and District Government\nTask Force (\u201cTask Force\u201d). The purpose of the Task Force shall be to develop recommendations\nfor the improvement of the District\u2019s services to homeless Center for Creative Non-Violence\n(\u201cCCNV\u201d) residents. The Task Force may consider options regarding the future use of the\nDistrict-owned property located at 425 2nd Street, N.W. (\u201cDistrict property\u201d), and the property\nowned by CCNV adjacent to the District property. The Task Force shall explore how the\nDistrict might establish better shelter space and homeless services and options for affordable\nworkforce housing and transitional housing for homeless District residents.\n(b) The Task Force shall meet beginning 30 days from the appointment of the Task\nForce members.\n(c)(1) The Task Force shall be composed as follows:\n(A) The Mayor, or his or her designee;\n(B) The Chairperson of the Council\u2019s Committee on Human Services, who\nshall also chair the Task Force;\n(C) The Director of the Department of General Services, or his or her\ndesignee;\n(D) The Director of the Department of Human Services, or his or her\ndesignee;\n(E) The Director of the Department of Behavioral Health, or his or her\ndesignee;\n(F) The First District Commander of the Metropolitan Police Department,\nor his or her designee.\n\nCodification\nDistrict of\nColumbia\nOfficial Code\n2001 Edition\n\nCCNV Task\nForce\nCongressional\nReview\nEmergency\nAct of 2013\nNote,\n\u00a7 4-753.01\n\n\fCOUNCIL OF THE DISTRICT OF COLUMBIA\n20 DCSTAT 2617\nD.C. Act 20-226, effective November 29, 2013 (Expiration date January 29, 2014)\n\n(G) A representative of CCNV; and\n(H) One representative of the Interagency Council on Homelessness.\n(2) The Task Force members set forth in paragraph (1)(G) and (H) of this\nsubsection shall be selected by the organization the member will represent:\n(d) All appointments to the Task Force shall be made within 30 days of the effective date\nof the CCNV Task Force Emergency Act of 2013, effective August 2, 2013 (D.C. Act 20-147;\n60 DCR 11809). Vacancies shall be filled in the same manner as the initial appointment was\nmade.\n(e) The Task Force may add additional members to serve as ex officio non-voting\nmembers as subject matter experts.\n(f) The Task Force may establish its own rules of procedure.\n(g) No later than 6 months after the appointment of Task Force members pursuant to\nsubsection (c) of this section, the Task Force shall submit its recommendations to the Council\nand to the Mayor.\n(h) This section shall sunset 6 months after the appointment of the Task Force, or upon\nthe Task Force\u2019s submission of its report to the Mayor and Council, whichever occurs earlier.\nSec. 3. Applicability date.\nThis act shall apply as of October 31, 2013.\nSec. 4. Fiscal impact statement.\nThe Council adopts the fiscal impact statement of the Budget Director as the fiscal impact\nstatement required by section 602(c)(3) of the District of Columbia Home Rule Act, approved\nDecember 24, 1973 (87 Stat. 813; D.C. Official Code \u00a7 1-206.02(c)(3)).\nSec. 5. Effective date.\nThis act shall take effect following approval by the Mayor (or in the event of veto by the\nMayor, action by the Council to override the veto), and shall remain in effect for no longer than\n90 days, as provided for emergency acts of the Council of the District of Columbia in section\n412(a) of the District of Columbia Home Rule Act, approved December 24, 1973 (87 Stat. 788;\nD.C. Official Code \u00a7 1-204.12(a)).\n\nRetroactive\nApplicability\n\n\f", 
  "end": "2617", 
  "name": "Act_20-226.pdf", 
  "title": "CCNV Task Force Congressional Review Emergency Act of 2013"
}