{
  "end": "1810", 
  "name": "Act_20-103.pdf", 
  "start": "1810", 
  "text": "COUNCIL OF THE DISTRICT OF COLUMBIA\n20 DCSTAT 1810\nD.C. Act 20-103, effective July 9, 2013 (Expiration date October 7, 2013)\n\nAN ACT\n\nBill 20-299\nEmergency\nDeclaration\nRes. 20-193\n20 DCStat 2024\n\nTo disapprove, on an emergency basis, Modification Numbers 3 and 4 to Human Care Agreement No.\nDCJZ-2010-H-0025 to provide therapeutic family homes services to the District and authorization\nof payment for the services received under the agreement.\n\nBE IT ENACTED BY THE COUNCIL OF THE DISTRICT OF COLUMBIA, That this\nact may be cited as the \u201cOption Year Two Modifications to Human Care Agreement No. DCJZ2010-H-0025 Disapproval Emergency Act of 2013\u201d.\nSec. 2. Pursuant to section 451 of the District of Columbia Home Rule Act, approved\nDecember 24, 1973 (87 Stat. 803; D.C. Official Code \u00a7 1-204.51), and notwithstanding the\nrequirements of section 202 of the Procurement Practices Reform Act of 2010, effective April 8,\n2011 (D.C. Law 18-371; D.C. Official Code \u00a7 2-352.02), the Council disapproves Modification\nNumbers 3 and 4 to Human Care Agreement No. DCJZ-2010-H-0025 with Beyondvision, Inc.,\nto provide therapeutic family homes services, and payment in an amount not-to-exceed $1,\n901,419.80 for services received and to be received under that human care agreement for the\nsecond option year, from July 2, 2012, through July 1, 2013.\nSec. 3. Fiscal impact statement.\nThe Council adopts the fiscal impact statement of the Chief Financial Officer as the fiscal\nimpact statement required by section 602(c)(3) of the District of Columbia Home Rule Act,\napproved December 24, 1973 (87 Stat. 813; D.C. Official Code \u00a7 1-206.02(c)(3)).\nSec. 4. Effective date.\nThis act shall take effect following approval by the Mayor (or in the event of veto by the\nMayor, action by the Council to override the veto), and shall remain in effect for no longer than\n90 days, as provided for emergency acts of the Council of the District of Columbia in section\n412(a) of the District of Columbia Home Rule Act, approved December 24, 1973 (87 Stat. 788;\nD.C. Official Code \u00a7 1-204.12(a)).\n\nNot Codified\n\nOption Year\nTwo\nModifications\nto Human\nCare\nAgreement\nNo. DCJZ2010-H-0025\nDisapproval\nEmergency\nAct of 2013\n\n\f", 
  "title": "Option Year Two Modifications to Human Care Agreement No. Dcjz-2010-H-0025 Approval and Payment Authorization Emergency Act of 2013", 
  "council_period": "20"
}