{
  "end": "2431", 
  "name": "Act_20-176.pdf", 
  "start": "2430", 
  "text": "COUNCIL OF THE DISTRICT OF COLUMBIA\nD.C. Act 20-176, effective October 4, 2013 (Expiration date January 2, 2014)\n\n20 DCSTAT 2430\n\nAN ACT\n\nBill 20-441\nEmergency\nDeclaration\nRes. 20-278\n20 DCStat 2667\n\nTo require, on an emergency basis, the Office of the Chief Financial Officer to review all residential real\nproperty tax liens sold between September 1, 2003, and September 1, 2013, to consider whether\nany real property foreclosed upon after a tax lien of less than $2,500 was sold was the result of\nexcusable neglect or other equitable circumstances warranting relief, to identify what type of\nrelief would provide substantial justice to individuals whose properties were improperly sold, and\nto submit a report on these matters to the Council by January 31, 2014.\n\nBE IT ENACTED BY THE COUNCIL OF THE DISTRICT OF COLUMBIA, That this\nact may be cited as the \u201cTax Lien Compensation and Relief Reporting Emergency Act of 2013\u201d.\n\nSec. 2. Review of residential tax lien sales.\nThe Office of the Chief Financial Officer, Office of Integrity and Oversight shall:\n(1) Conduct a broad review of all residential real property tax liens sold by the\nOffice of the Chief Financial Officer between September 1, 2003, and September 1, 2013;\n(2) Conduct a specific, detailed review of all cases between September 1, 2003\nand September 1, 2013 in which residential real properties were foreclosed upon after a tax lien\nof less than $2,500 was sold to determine if there is excusable neglect or other equitable\ncircumstances warranting relief;\n(3) Submit a report to the Council on or before January 31, 2014, containing:\n(A) A list of all residential real property tax liens sold between September\n1, 2003 and September 1, 2013, including the following for each:\n(i) The address and Ward;\n(ii) An indication as to whether the owner at the time of the sale, if\nknown, was aged 60 years or older, a veteran, or disabled;\n(iii) The amount of the underlying unpaid tax, plus any penalties\nand interest;\n(iv) The amount of any attorney\u2019s fees or costs, if known; and\n(v) An indication as to whether the property was ultimately\nforeclosed or redeemed;\n(B) A summary of each case reviewed under paragraph (2) of this section,\nincluding:\n(i) A recommendation as to whether the former homeowner should\nbe granted relief;\n\nCodification\nDistrict of\nColumbia\nOfficial Code\n2001 Edition\n\nTax Lien\nCompensation\nand Relief\nReporting\nEmergency\nAct of 2013\nNote,\n\u00a7 47-1331\n\n\fCOUNCIL OF THE DISTRICT OF COLUMBIA\nD.C. Act 20-176, effective October 4, 2013 (Expiration date January 2, 2014)\n\n20 DCSTAT 2431\n\n(ii) If relief is recommended, the equitable remedy that would\nprovide substantial justice; and\n(iii) A plan for providing the recommended relief.\nSec. 3. Fiscal impact statement.\nThe Council adopts the fiscal impact statement of the Budget Director as the fiscal impact\nstatement required by section 602(c)(3) of the District of Columbia Home Rule Act, approved\nDecember 24, 1973 (87 Stat. 813; D.C. Official Code \u00a7 1-206.02 (c))(3)).\nSec. 4. Effective date.\nThis act shall take effect following approval by the Mayor (or in the event of veto by the\nMayor, action by the Council to override the veto), and shall remain in effect for no longer than\n90 days, as provided for emergency acts of the Council of the District of Columbia in section\n412(a) of the District of Columbia Home Rule Act, approved December 24, 1973 (87 Stat. 788;\nD.C. Official Code \u00a7 1-204.12(a)).\n\n\f", 
  "title": "Tax Lien Compensation and Relief Reporting Emergency Act of 2013", 
  "council_period": "20"
}