{
  "end": "2452", 
  "name": "Act_20-202.pdf", 
  "start": "2452", 
  "text": "COUNCIL OF THE DISTRICT OF COLUMBIA\n20 DCSTAT 2452\nD.C. Act 20-202, effective October 17, 2013 (Expiration date January 15, 2014)\n\nAN ACT\n\nBill 20-492\nEmergency\nDeclaration\nRes. 20-308\n20 DCStat 2719\n\nTo approve, on an emergency basis, Change Orders No. FY13-002 through No. FY13-008 to Contract No.\nGM-10-S-0707B-FM between the District of Columbia government and Turner Construction\nCompany for On-Call Small Capital Projects, and to authorize payment to Turner Construction\nCompany in the aggregate amount of $3,148,287.37 for the goods and services received and to be\nreceived under these change orders.\n\nBE IT ENACTED BY THE COUNCIL OF THE DISTRICT OF COLUMBIA, That this\nact may be cited as the \u201cChange Orders No. FY13-002 through No. FY13-008 to Contract GM10-S-0707B-FM Approval and Payment Authorization Emergency Act of 2013\u201d.\n\nSec. 2. Pursuant to section 451 of the District of Columbia Home Rule Act, approved\nDecember 24, 1973 (87 Stat. 803; D.C. Official Code \u00a7 1-204.51), and notwithstanding the\nrequirements of section 202(a) of the Procurement Practices Reform Act of 2010, effective April\n8, 2011 (D.C. Law 18-371; D.C. Official Code \u00a7 2-352.02(a)), the Council approves Change\nOrders No. FY13-002 through No. FY13-008 to Contract No. GM-10-S-0707B-FM with Turner\nConstruction Company for On-Call Small Capital Projects and authorizes payment in the\naggregate amount of $3,148,287.37 for the goods and services received and to be received under\nthese change orders.\nSec. 3. Fiscal impact statement.\nThe Council adopts the fiscal statement of the Chief Financial Officer as the fiscal impact\nstatement required by section 602(c)(3) of the District of Columbia Home Rule Act, approved\nDecember 24, 1973 (87 Stat. 813; D.C. Official Code \u00a7 1-206.02(c)(3)).\nSec. 4. Effective date.\nThis act shall take effect following approval by the Mayor (or in the event of veto by the\nMayor, action by the Council to override the veto), and shall remain in effect for no longer than\n90 days, as provided for emergency acts of the Council of the District of Columbia in section\n412(a) of the District of Columbia Home Rule Act, approved December 24, 1973 (87 Stat. 788;\nD.C. Official Code \u00a7 1-204.12(a)).\n\nNot Codified\n\nChange\nOrders No.\nFY13-002\nthrough No.\nFY13-008 to\nContract GM10-S-0707BFM Approval\nand Payment\nAuthorization\nEmergency\nAct of 2013\n\n\f", 
  "title": "Change Orders No. Fy13-002 Through No. Fy13-008 to Contract Gm-10-S-0707b-Fm Approval and Payment Authorization Emergency Act of 2013", 
  "council_period": "20"
}