{
  "end": "4463", 
  "name": "Act_20-545.pdf", 
  "start": "4461", 
  "text": "COUNCIL OF THE DISTRICT OF COLUMBIA\n20 DCSTAT 4461\nD.C. Act 20-545, effective December 23, 2014 (Expiration date March 23, 2015)\n\nAN ACT\n\nBill 20-1043\nEmergency\nDeclaration\nRes. 20-762\n20 DCStat 4672\n\nTo increase, on an emergency basis, certain appropriations in the Fiscal Year 2015 Budget Request Act\npursuant to the District of Columbia Appropriations Act, 2015.\n\nCodification\nDistrict of\nColumbia\nOfficial Code\n2001 Edition\n\nBE IT ENACTED BY THE COUNCIL OF THE DISTRICT OF COLUMBIA, That this\nact may be cited as the \"Fiscal Year 2015 Revised Budget Request Emergency Adjustment Act\nof 2014\".\n\nFiscal Year\n2015 Revised\nBudget\nRequest\nEmergency\nAdjustment\nAct of 2014\n\nSec. 2. (a) Pursuant to the District of Columbia Appropriations Act, 2015, approved\nDecember 16, 2014 (Pub. L. No. 113-235; 128 Stat. 2352), and any substantially similar\nsubsequent federal appropriations measure, the amount appropriated to the District is authorized\nto and shall be increased by the amount of the proceeds of the D.C. Water payment one-time\ntransaction, upon certification by the Chief Financial Officer that the proceeds are available, to\nsupport unanticipated operating and capital needs.\n(b) The Fiscal Year 2015 budget for the following agencies shall be adjusted, upon the\ncertification of the availability of proceeds, as set forth in subsection (a) of this section, by the\nfollowing amounts:\nTITLE II\u2014DISTRICT OF COLUMBIA FUNDS\u2014SUMMARY OF EXPENSES\n$14,108,000 (of which $14,108,000 shall be added to local funds) to be allocated as\nfollows:\nGovernment Direction and Support\nThe appropriation for Government Direction and Support is increased by $600,000 in local\nfunds; to be allocated as follows:\n(1) Office of the District of Columbia Auditor. - $600,000 is added to be available\nfrom local funds.\nEconomic Development and Regulation\nThe appropriation for Economic Development and Regulation is increased by $13,508,000\n\n\fCOUNCIL OF THE DISTRICT OF COLUMBIA\n20 DCSTAT 4462\nD.C. Act 20-545, effective December 23, 2014 (Expiration date March 23, 2015)\n\nin local funds; to be allocated as follows:\n(1) Office of the Deputy Mayor for Planning and Economic Development. $13,508,000 is added to be available from local funds.\nCapital Outlay\nThe appropriation for capital construction projects is increased by $106,579,712.\nSec. 3. Reprogramming approval.\n(a) The Council approves Reprog. 20-289 in the amount of $32,626,849 in capital funds.\n(b) The Council approves Reprog. 20-288 in the amount of $6,077,067 in recurring\noperating funds.\n(c) The Council approves Reprog. 20-290 in the amount of $2,000,000 for a reverse pay-asyou-go capital fund reprogramming.\nSec. 4. Borrowing authority increase.\nThe Fiscal Year 2015 Income Tax Secured Revenue Bond and General Obligation Bond\nIssuance Approval Resolution of 2014, effective November 18, 2014 (Res. 20-687; 61 DCR\n12738), is amended as follows:\n(a) The long title is amended by striking the number \u201c$1,092,763,726\u201d and inserting the\nnumber \u201c$1,199,343,438\u201d in its place.\n(b) Section 2(a) is amended by striking the number \u201c$1,092,763,726\u201d and inserting the\nnumber \u201c$1,199,343,438\u201d in its place.\n(c) The tabular array is amended as follows:\n(1) A new capital project is added to the Department of General Services entitled\nAM0 SPC01C, DC United Soccer Stadium Infrastructure Improvements in the amount\n$106,579,712.\n(2) The Department of General Services subtotal is amended by striking the number\n\u201c$22,870,099\u201d and inserting the number \u201c$129,449,811\u201d in its place.\n(3) The grand total is amended by striking the number \u201c$1,092,763,726\u201d and\ninserting the number \u201c$1,199,343,438\u201d in its place.\nSec. 5. Fiscal impact statement.\nThe Council adopts the fiscal impact statement of the Chief Financial Officer as the fiscal\nimpact statement required by section 602(c)(3) of the District of Columbia Home Rule Act,\napproved December 24, 1973 (87 Stat. 813; D.C. Official Code \u00a7 1-206.02(c)(3)).\nSec. 6. Effective date.\nThis act shall take effect following approval by the Mayor (or in the event of veto by the\nMayor, action by the Council to override the veto), and shall remain in effect for no longer than\n90 days, as provided for emergency acts of the Council of the District of Columbia in section\n\n\fCOUNCIL OF THE DISTRICT OF COLUMBIA\n20 DCSTAT 4463\nD.C. Act 20-545, effective December 23, 2014 (Expiration date March 23, 2015)\n\n412(a) of the District of Columbia Home Rule Act, approved December 24, 1973 (87 Stat. 788;\nD.C. Official Code \u00a7 1-204.12(a)).\n\n\f", 
  "title": "Fiscal Year 2015 Revised Budget Request Emergency Adjustment Act of 2014", 
  "council_period": "20"
}