{
  "end": "4399", 
  "name": "Act_20-465.pdf", 
  "start": "4399", 
  "text": "COUNCIL OF THE DISTRICT OF COLUMBIA\n20 DCSTAT 4399\nD.C. Act 20-465, effective November 6, 2014 (Expiration date January 11, 2015)\n\nAN ACT\n\nBill 20-982\nEmergency\nDeclaration\nRes. 20-643\n20 DCStat 4551\n\nTo amend, on an emergency basis, due to congressional review, the Small, Local, and Disadvantaged\nBusiness Enterprise Development and Assistance Act of 2005 to remove industrial revenue bonds\nfrom the definition of government-assisted project.\n\nBE IT ENACTED BY THE COUNCIL OF THE DISTRICT OF COLUMBIA, That this\nact may be cited as the \u201cSmall and Certified Business Enterprise Development and Assistance\nClarification Congressional Review Emergency Amendment Act of 2014\u201d.\n\nSec. 2. Section 2302(9A)(D) of the Small, Local, and Disadvantaged Business Enterprise\nDevelopment and Assistance Act of 2005, effective October 20, 2005 (D.C. Law 16-33; D.C.\nOfficial Code \u00a7 2-218.02(9A)(D)), is amended to read as follows:\n\"(D) A project that receives bonds or notes or the proceeds thereof issued\nby a District agency, including tax increment financing or payment in lieu of tax bonds or notes,\nbut not including industrial revenue bonds.\".\nSec. 3. Applicability.\nThis act shall apply as of October 13, 2014.\nSec. 4. Fiscal impact statement.\nThe Council adopts the fiscal impact statement of the Budget Director as the fiscal impact\nstatement required by section 602(c)(3) of the District of Columbia Home Rule Act, approved\nDecember 24, 1973 (87 Stat. 813; D.C. Official Code \u00a71-206-02(c)(3)).\nSec. 5. Effective date.\nThis act shall take effect following approval by the Mayor (or in the event of veto by the\nMayor, action by the Council to override the veto), and shall remain in effect for no longer than\n90 days, as provided for emergency acts of the Council of the District of Columbia in section\n412(a) of the District of Columbia Home Rule Act, approved December 24, 1973 (87 Stat. 788;\nD.C. Official Code \u00a7 1-204.12(a)).\n\nCodification\nDistrict of\nColumbia\nOfficial Code\n2001 Edition\nSmall and\nCertified\nBusiness\nEnterprise\nDevelopment\nand\nAssistance\nClarification\nCongressional\nReview\nEmergency\nAmendment\nAct of 2014\nNote,\n\u00a7 2-218.02\n\n\f", 
  "title": "Small and Certified Business Enterprise Development and Assistance Clarification Congressional Review Emergency Amendment Act of 2014", 
  "council_period": "20"
}