{
  "end": "3299", 
  "name": "Act_20-316.pdf", 
  "start": "3299", 
  "text": "COUNCIL OF THE DISTRICT OF COLUMBIA\nD.C. Act 20-316, effective April 28, 2014 (Expiration date July 27, 2014)\n\n20 DCSTAT 3299\n\nAN ACT\n\nBill 20-739\nEmergency\nDeclaration\nRes. 20-455\n20 DCStat 3389\n\nTo approve, on an emergency basis, Dell Marketing L.P. Purchase Order No. PO480603 issued pursuant\nto the Virginia Information Technology Agency (VITA) Cooperative Agreement Contract No. VA090202-Dell to procure Dell computers, laptops, and laptop carts for the 2013-2014 school year.\n\nBE IT ENACTED BY THE COUNCIL OF THE DISTRICT OF COLUMBIA, That this\nact may be cited as the \u201cDell Marketing L.P. Purchase Order No. PO480603 Approval and\nPayment Authorization Emergency Act of 2014\u201d.\n\nSec. 2. Pursuant to section 451 of the District of Columbia Home Rule Act, approved\nDecember 24, 1973 (87 Stat. 803; D.C. Official Code \u00a7 1-204.51), and notwithstanding section\n202 of the Procurement Practices Reform Act of 2010, effective April 8, 2011 (D.C. Law 18371; D.C. Official Code \u00a7 2-352.02), the Council approves the Dell Marketing L.P. Purchase\nOrder No. PO480603 and authorizes payment in the amount of $1,907,467.50 for goods received\nand to be received under the purchase order.\nSec. 3. Fiscal impact statement.\nThe Council adopts the fiscal impact statement of the Chief Financial Officer as the fiscal\nimpact statement required by section 602(c)(3) of the District of Columbia Home Rule Act,\napproved December 24, 1973 (87 Stat. 813; D.C. Official Code \u00a7 1-206.02(c)(3)).\nSec. 4. Fiscal impact statement.\nThis act shall take effect following approval by the Mayor (or in the event of veto by the\nMayor, action by the Council to override the veto), and shall remain in effect for no longer than\n90 days, as provided for emergency acts of the Council of the District of Columbia in section\n412(a) of the District of Columbia Home Rule Act, approved December 24, 1973 (87 Stat. 788;\nD.C. Official Code \u00a7 1-204.12(a\n\nNot Codified\n\nDell\nMarketing\nL.P. Purchase\nOrder No.\nPO480603\nApproval and\nPayment\nAuthorization\nEmergency\nAct of 2014\n\n\f", 
  "title": "Dell Marketing LP Purchase Orders No. PO480603 Approval and Payment Authorization Emergency Act of 2014", 
  "council_period": "20"
}