{
  "start": "1419", 
  "text": "COUNCIL OF THE DISTRICT OF COLUMBIA\n20 DCSTAT 1419\nD.C. Act 20-71, effective May 16, 2013 (Expiration date August 14, 2013)\n\nAN ACT\n\nBill 20-243\nEmergency\nDeclaration\nRes. 20-133\n20 DCStat 1549\n\nTo amend on an emergency basis, An Act To establish a code of law for the District of Columbia, to\nprovide a borrower the same rights for a defective notice of default on residential\nmortgage as the law provides for a defective notice of intention to foreclose on a\nresidential mortgage, to provide that a foreclosure sale of a property secured by a\nresidential mortgage shall be void if a lender files a notice of intention to foreclose on a\nresidential mortgage without a mediation certificate, to provide for a new definition of\nresidential mortgage, to provide several technical changes to the text, and to amend the\nForeclosure Mediation Fund provisions to allow mortgage-related or foreclosure-related\nsettlement funds to be transferred into the fund and allow those funds to be used for\nspecified mortgage-related or foreclosure-related matters.\n\nCodification\nDistrict of\nColumbia\nOfficial Code\n2001 Edition\n\nBE IT ENACTED BY THE COUNCIL OF THE DISTRICT OF COLUMBIA, That\nthis act may be cited as the \u201cSaving D.C. Homes from Foreclosure Enhanced Emergency\nAmendment Act of 2013\u201d.\n\nSaving D.C.\nHomes from\nForeclosure\nEnhanced\nEmergency\nAmendment\nAct of 2013\n\nSec. 2. Subchapter Two of Chapter Sixteen of An Act To establish a code of law for the\nDistrict of Columbia, approved March 3, 1901 (31 Stat. 1271; D.C. Official Code \u00a7 42-801 et\nseq.), is amended as follows:\n(a) Subsection 539a(a) (D.C. Official Code \u00a7 42-815.01(a)) is amended by striking the\nphrase, \u201cat least one of which is the principal place of abode of the debtor or his immediate\nfamily\u201d.\n(b) Subsection 539b (D.C. Official Code \u00a7 42-815.02) is amended as follows:\n(1) Designate the 2nd subsection (e) as subsection (f).\n(2) Designate subsection (f) as subsection (g).\n(3) Designate subsection (g) as subsection (h).\n(4) Designate subsection (h) as subsection (i).\n(5) Designate subsection (i) as subsection (j).\n(6) The newly designated subsection (h) is repealed.\n(7) New subsections (h-1), (h-2), (h-3), and (h-4) are added to read as follows:\n\u201c(h-1) A foreclosure sale of property secured by a residential mortgage shall be void if a\nlender files a notice of intention to foreclose on a residential mortgage without a mediation\ncertificate.\n\u201c(h-2) A borrower shall have the same rights to assert a claim for a defective notice of\ndefault on residential mortgage as the law provides for a defective notice of intention to foreclose\non a residential mortgage.\n\nNote,\n\u00a7 42-815.01\n\nNote,\n\u00a7 42-815.02\n\n\fCOUNCIL OF THE DISTRICT OF COLUMBIA\n20 DCSTAT 1420\nD.C. Act 20-71, effective May 16, 2013 (Expiration date August 14, 2013)\n\n\u201c(h-3) Except as provided in subsections (h-1) and (h-2) of this section, a mediation\ncertificate shall serve as conclusive evidence that all other provisions of this act and\nimplementing regulations have been complied with and can be relied upon by a bona fide\npurchaser and a bona fide purchaser\u2019s lender or assigns.\n\u201c(h-4) Nothing in this act shall be construed to limit a borrower\u2019s right to assert a claim\nfor fraud or monetary damages against the borrower\u2019s lender.\u201d.\n(c) Section 539c(a) (D.C. Official Code \u00a7 42-815.03(a)) is amended to read as follows:\n\u201c(a)(1) There is established as a nonlapsing fund the Foreclosure Mediation Fund\n(\u201cFund\u201d) , into which shall be deposited the fees and penalties generated by the foreclosure\nmediation program, the District\u2019s share of proceeds from February 2012, consent judgments\nbetween the federal government and participating states, and any future designated settlements\nand funds.\n\u201c(2) The Fund shall be used for one or more of the following purposes:\n\u201c(A) Pay mortgage-related or foreclosure-related counseling;\n\u201c(B) Mortgage-related or foreclosure-related legal assistance or advocacy;\n\u201c(C) Mortgage-related or foreclosure-related mediation;\n\u201c(D) Outreach or assistance to help current and former homeowners\nsecure the benefits for which they are eligible under mortgage-related or foreclosure-related\nsettlements or judgments, and\n\u201c(E) Enforcement work in the area of financial fraud or consumer\nprotection.\u201d.\nSec. 3. Fiscal impact statement.\nThe Council adopts the fiscal impact statement of the Budget Director as the fiscal impact\nstatement required by section 602(c)(3) of the District of Columbia Home Rule Act, approved\nDecember 24, 1973 (87 Sat. 813; D.C. Official Code \u00a7 1-206.02(c)(3)).\nSec. 4. Effective date.\nThis act shall take effect following approval by the Mayor (or in the event of veto by the\nMayor, action by the Council to override the veto), and shall remain in effect for no longer than\n90 days, as provided for emergency acts of the Council of the District of Columbia in section\n412(a) of the District of Columbia Home Rule Act, approved December 24, 1973 (87 Stat. 788;\nD.C. Official Code \u00a7 1-204.12(a)).\n\nNote,\n\u00a7 42-815.03\n\n\f", 
  "end": "1420", 
  "name": "Act_20-71.pdf", 
  "title": "Saving D.C. Homes From Foreclosure Enhanced Emergency Amendment Act of 2013"
}