{
  "start": "471", 
  "text": "COUNCIL OF THE DISTRICT OF COLUMBIA\n20 DCSTAT 471\nD.C. Act 20-16, effective February 22, 2013 (Expiration date May 14, 2013)\n\nAN ACT\n\nBill 20-88\nEmergency\nDeclaration\nRes. 20-23\n20 DCStat 719\n\nTo amend, on an emergency basis, due to Congressional review, section 47-2829 of the District of\nColumbia Official Code to authorize the District of Columbia Taxicab Commission to charge and\ncollect reasonable fees to provide educational services for the public vehicle-for-hire industry,\nwith funds to be deposited into the Public Vehicles-for-Hire Consumer Service Fund.\n\nBE IT ENACTED BY THE COUNCIL OF THE DISTRICT OF COLUMBIA, That this\nact may be cited as the \u201cPublic Vehicle-for-Hire Educational Services Congressional Review\nEmergency Act of 2013\u201d.\n\nSec. 2. Section 47-2829(e) of the District of Columbia Official Code is amended by\nadding a new paragraph (3) to read as follows:\n\u201c(3)(A) The District of Columbia Taxicab commission shall have the authority to\ncharge and collect reasonable fees to provide educational services, including covering the costs\nof developing and administering courses statutorily required by paragraph (2) of this subsection\nand Subchapter I of Chapter 3 of Title 50.\n(\u201cB) The fees charged and collected from the educational services set forth\nin paragraph (2) of this subsection and Subchapter I of Chapter 3 of Title 50 shall be deposited in\nthe Public Vehicles-for-Hire Consumer Service Fund, established by \u00a7 50-320.\u201d.\nSec. 3. Applicability.\nThis act shall apply as of February 13, 2013.\nSec. 4. Fiscal impact statement.\nThe Council adopts the fiscal impact statement of the Budget Director as the fiscal impact\nstatement required by section 602(c)(3) of the District of Columbia Home Rule Act, approved\nDecember 24, 1973 (87 Stat. 813; D.C. Official Code \u00a7 1-206.02(c)(3)).\n\nSec. 5. Effective date.\nThis act shall take effect following approval by the Mayor (or in the event of veto by the\nMayor, action by the Council to override the veto), and shall remain in effect for no longer than\n90 days, as provided for emergency acts of the Council of the District of Columbia in section\n\nCodification\nDistrict of\nColumbia\nOfficial Code\n2001 Edition\nPublic\nVehicle-forHire\nEducational\nServices\nCongressional\nReview\nEmergency\nAct of 2013\nNote,\n\u00a7 47-2829\n\nApplicable\nAs of\nFebruary 13,\n2013\n\n\fCOUNCIL OF THE DISTRICT OF COLUMBIA\n20 DCSTAT 472\nD.C. Act 20-16, effective February 22, 2013 (Expiration date May 14, 2013)\n\n412(a) of the District of Columbia Home Rule Act, approved December 24, 1973 (87 Stat. 788;\nD.C. Official Code \u00a7 1-204.12(a)).\n\n\f", 
  "end": "472", 
  "name": "Act_20-16.pdf", 
  "title": "Public Vehicle\u200e-\u200eFor\u200e-\u200eHire Educational Services \u200eCongressional Review Emergency Act of 2013"
}