{
  "start": "458", 
  "text": "COUNCIL OF THE DISTRICT OF COLUMBIA\nD.C. Act 20-8, effective January 31, 2013 (Expiration date May 1, 2013)\n\n20 DCSTAT 458\n\nAN ACT\n\nBill 20-15\nEmergency\nDeclaration\nRes. 20-13\n20 DCStat 707\n\nTo amend, on an emergency basis, due to Congressional review, section 47-355.05 of the District of\nColumbia Official Code to require the Chief Financial Officer to submit to the Council and the\nMayor audits and reports conducted by its Office of Integrity and Oversight within 15 days of\ncompletion, a list of incomplete or ongoing audits and reports that have been or are being\nconducted by its Office of Integrity and Oversight on a quarterly basis, and an audit plan for its\nOffice of Integrity and Oversight on a yearly basis.\n\nBE IT ENACTED BY THE COUNCIL OF THE DISTRICT OF COLUMBIA, That this\nact may be cited as the \u201cOffice of the Chief Financial Officer Audit Report Transparency\nCongressional Review Emergency Act of 2013\u201d.\n\nSec. 2. Section 47-355.05 of the District of Columbia Official Code is amended by\nadding a new subsection (f) to read as follows:\n\u201c(f)(1) The Chief Financial Officer shall submit to the Council and the Mayor:\n\u201c(A) Within 15 days of completion, each audit and report conducted by\nthe Office of Integrity and Oversight;\n\u201c(B) On a quarterly basis, an up-to-date list of each incomplete or ongoing\naudit or report that has been or is being conducted by the Office of Integrity and Oversight; and\n\u201c(C) By October 1 of each year, an annual audit plan for the Office of\nIntegrity and Oversight.\n\u201c(2) The Chief Financial Officer shall post all completed audits and reports\nconducted by the Office of Integrity and Oversight on the website of the Office of the Chief\nFinancial Officer within 15 days of completion.\u201d.\nSec. 3. Fiscal impact statement.\nThe Council adopts the fiscal impact statement of the Budget Director as the fiscal impact\nstatement required by section 602(c)(3) of the District of Columbia Home Rule Act, approved\nDecember 24, 1973 (87 Stat. 813; D.C. Official Code \u00a7 1-206.02(c)(3)).\n\nCodification\nDistrict of\nColumbia\nOfficial Code\n2001 Edition\n\nOffice of the\nChief\nFinancial\nOfficer Audit\nReport\nTransparency\nCongressional\nReview\nEmergency\nAct of 2013\nNote,\n\u00a7 47-355.05\n\n\fCOUNCIL OF THE DISTRICT OF COLUMBIA\nD.C. Act 20-8, effective January 31, 2013 (Expiration date May 1, 2013)\n\n20 DCSTAT 459\n\nSec. 4. Effective date.\nThis act shall take effect following approval by the Mayor (or in the event of veto by the\nMayor, action by the Council to override the veto), and shall remain in effect for no longer than\n90 days, as provided for emergency acts of the Council of the District of Columbia in section\n412(a) of the District of Columbia Home Rule Act, approved December 24, 1973 (87 Stat. 788;\nD.C. Official Code \u00a7 1-204.12(a)).\n\n\f", 
  "end": "459", 
  "name": "Act_20-8.pdf", 
  "title": "Office of the Chief Financial Officer Audit Report Transparency Congressional Review Emergency Act of 2013"
}