{
  "end": "2411", 
  "name": "Act_20-167.pdf", 
  "start": "2411", 
  "text": "COUNCIL OF THE DISTRICT OF COLUMBIA\n20 DCSTAT 2411\nD.C. Act 20-167, effective September 30, 2013 (Expiration date December 29, 2013)\n\nAN ACT\n\nBill 20-167\nEmergency\nDeclaration\nRes. 20-290\n20 DCStat 2683\n\nTo approve, on an emergency basis, Modifications No. 001 and 002 to Contract No. CW15543 to provide\nsnow and ice removal services and to authorize payment for services received and to be received\nunder that contract.\n\nBE IT ENACTED BY THE COUNCIL OF THE DISTRICT OF COLUMBIA, That this\nact may be cited as the \u201cModifications No. 001 and 002 to Contract No. CW15543 Approval and\nPayment Authorization Emergency Act of 2013\u201d.\n\nSec. 2. Pursuant to section 451 of the District of Columbia Home Rule Act, approved\nDecember 24, 1973 (87 Stat. 803; D.C. Official Code \u00a7 1-204.51), and notwithstanding the\nrequirements of section 202 of the Procurement Practices Reform Act of 2010, effective April 8,\n2011 (D.C. Law 18-371; D.C. Official Code \u00a7 2-352.02), the Council approves Modifications\nNo. 001 and 002 to Contract No. CW15543 with Capitol Paving of D.C., Inc. to provide snow\nand ice removal services in the estimated amount of $2,183,800 for services received and to be\nreceived under that contract.\nSec. 3. Fiscal impact statement.\nThe Council adopts the fiscal impact statement of the Chief Financial Officer as the fiscal\nimpact statement required by section 602(c)(3) of the District of Columbia Home Rule Act,\napproved December 24, 1973 (87 Stat. 813; D.C. Official Code \u00a7 1-206.02(c)(3)).\nSec. 4. Effective date.\nThis act shall take effect following approval by the Mayor (or in the event of veto by the\nMayor, action by the Council to override the veto), and shall remain in effect for no longer than\n90 days, as provided for emergency acts of the Council of the District of Columbia in section\n412(a) of the District of Columbia Home Rule Act, approved December 24, 1973 (87 Stat. 788;\nD.C. Official Code \u00a7 1-204.12(a)).\n\nNot Codified\n\nModifications\nNo. 001 and\n002 to\nContract No.\nCW15543\nApproval and\nPayment\nAuthorization\nEmergency\nAct of 2013\n\n\f", 
  "title": "Modifications 001 and 002 to Contract No. Cw15543 Approval and Payment Authorization Emergency Act of 2013", 
  "council_period": "20"
}