{
  "end": "1999", 
  "name": "Act_20-146.pdf", 
  "start": "1998", 
  "text": "COUNCIL OF THE DISTRICT OF COLUMBIA\n20 DCSTAT 1998\nD.C. Act 20-146, effective July 31, 2013 (Expiration date October 29, 2013)\n\nAN ACT\n\nBill 20-383\nEmergency\nDeclaration\nRes. 20-236\n20 DCStat 2087\n\nTo amend, on an emergency basis, due to Congressional review, An Act For the retirement of publicschool teachers in the District of Columbia to allow for involuntary retirement for all excessed\npermanent status teachers without regard to whether a teacher chose to reject other options\navailable to him or her.\n\nBE IT ENACTED BY THE COUNCIL OF THE DISTRICT OF COLUMBIA, That this\nact may be cited as the \u201cTeachers\u2019 Retirement Congressional Review Emergency Amendment\nAct of 2013\u201d.\n\nSec. 2. Section 3(b) of An Act For the retirement of public-school teachers in the District\nof Columbia, approved August 7, 1946 (60 Stat. 876; D.C. Official Code \u00a7 38-2021.03(b)), is\namended as follows:\n(a) The existing text is designated as paragraph (1).\n(b) A new paragraph (2) is added to read as follows:\n\u201c(2) For the purposes of this subsection, the term:\n\u201c(A) \u201cExcessing\u201d means the elimination of a teacher\u2019s position at a\nparticular school, when such an elimination is not a reduction in force or abolishment, due to a:\n\u201c(i) Decline in student enrollment;\n\u201c(ii) Reduction in the local school budget;\n\u201c(iii) Closing or consolidation;\n\u201c(iv) Restructuring; or\n\u201c(v) Change in the local school program.\n\u201c(B) \u201cInvoluntarily separated\u201d includes the excessing of a permanent\nstatus teacher, without regard to whether the teacher chose to reject options available to him or\nher, such as finding a placement elsewhere in the public schools of the District of Columbia.\u201d.\nSec. 3. Fiscal impact statement.\nThe Council adopts the fiscal impact statement in the committee report for the Teachers\u2019\nRetirement Amendment Act of 2013, signed by the Mayor on June 24, 2013 (D.C. Act 20-93; 60\nDCR 9837), as the fiscal impact statement required by section 602(c)(3) of the District of\nColumbia Home Rule Act, approved December 24, 1973 (87 Stat. 813; D.C. Official Code \u00a7 1206.02(c)(3)).\n\nCodification\nDistrict of\nColumbia\nOfficial Code\n2001 Edition\nTeachers\u2019\nRetirement\nCongressional\nReview\nEmergency\nAmendment\nAct of 2013\n\nNote,\n\u00a7 38-2021.03\n\n\fCOUNCIL OF THE DISTRICT OF COLUMBIA\n20 DCSTAT 1999\nD.C. Act 20-146, effective July 31, 2013 (Expiration date October 29, 2013)\n\nSec. 4. Effective date.\nThis act shall take effect following approval by the Mayor (or in the event of veto by the\nMayor, action by the Council to override the veto), and shall remain in effect for no longer than\n90 days, as provided for emergency acts of the Council of the District of Columbia in section\n412(a) of the District of Columbia Home Rule Act, approved December 24, 1973 (87 Stat. 788;\nD.C. Official Code \u00a7 1-204.12(a)).\n\n\f", 
  "title": "Teachers\u2019 Retirement Congressional Review Emergency Amendment Act of 2013", 
  "council_period": "20"
}