{
  "end": "1434", 
  "name": "Act_20-79.pdf", 
  "start": "1434", 
  "text": "COUNCIL OF THE DISTRICT OF COLUMBIA\n20 DCSTAT 1434\nD.C. Act 20-79, effective June 12, 2013 (Expiration date September 12, 2013)\n\nAN ACT\n\nBill 20-270\nEmergency\nDeclaration\nRes. 20-146\n20 DCStat 1567\n\nTo approve, on an emergency basis, Change Order No. 2 to Contract No. DCAM-12-M-1031F-FM\nbetween the District of Columbia government and Forney Enterprises, Inc., for design-build\nservices, additional project scope, outstanding change requests, and the close-out of the Phase 1\nmodernization of Leckie Elementary School, and to authorize payment to Forney Enterprises, Inc.\nin the amount of $1,833,339.67 for the goods and services received under this change order.\n\nBE IT ENACTED BY THE COUNCIL OF THE DISTRICT OF COLUMBIA, That this\nact may be cited as the \u201cChange Order No. 2 to Contract No. DCAM-12-M-1031F-FM Approval\nand Payment Authorization Emergency Act of 2013\u201d.\n\nSec. 2. Pursuant to section 451 of the District of Columbia Home Rule Act, approved\nDecember 24, 1973 (87 Stat. 803; D.C. Official Code \u00a7 1-204.51), and notwithstanding the\nrequirements of section 202(a) of the Procurement Practices Reform Act of 2010, effective April\n8, 2011 (D.C. Law 18-371; D.C. Official Code \u00a7 2-352.02(a)), the Council approves Change\nOrder No. 2 to Contract No. DCAM-12-M-1031F-FM with Forney Enterprises, Inc., for designbuild services, additional project scope, outstanding change requests, and the close-out of the\nPhase 1 project at Leckie Elementary School and authorizes payment in the aggregate amount of\n$1,833,339.67 for the goods and services received under this change order.\nSec. 3. Fiscal impact statement.\nThe Council adopts the fiscal statement of the Office of the Chief Financial Officer as the\nfiscal impact statement required by section 602(c)(3) of the District of Columbia Home Rule\nAct, approved December 24, 1973 (87 Stat. 813; D.C. Official Code \u00a7 1-206.02(c)(3)).\nSec. 4. Effective date.\nThis act shall take effect following approval by the Mayor (or in the event of veto by the\nMayor, action by the Council to override the veto), and shall remain in effect for no longer than\n90 days, as provided for emergency acts of the Council of the District of Columbia in section\n412(a) of the District of Columbia Home Rule Act, approved December 24, 1973 (87 Stat. 788;\nD.C. Official Code \u00a7 1-204.12(a)).\n\nNot Codified\n\nChange Order\nNo. 2 to\nContract No.\nDCAM-12-M1031F-FM\nApproval and\nPayment\nAuthorization\nEmergency\nAct of 2013\n\n\f", 
  "title": "Change Orders No. 002 to Contract No. Dcam-12-M-1031fm Approval and Payment Authorization Emergency Act of 2013", 
  "council_period": "20"
}