{
  "end": "490", 
  "name": "Act_20-27.pdf", 
  "start": "490", 
  "text": "COUNCIL OF THE DISTRICT OF COLUMBIA\nD.C. Act 20-27, effective March 18, 2013 (Expiration date June 16, 2013)\n\n20 DCSTAT 490\n\nAN ACT\n\nBill 20-130\nEmergency\nDeclaration\nRes. 20-54\n20 DCStat 779\n\nTo approve, on an emergency basis, Modification No. M0002 to Contract No. CW14591 with Precision\nTruck Repair, Inc. to provide school bus maintenance services and to authorize payment for the\nservices received and to be received under the contract.\n\nBE IT ENACTED BY THE COUNCIL OF THE DISTRICT OF COLUMBIA, That this\nact may be cited as the \u201cModification No. M0002 to Contract No. CW14591 Approval and\nPayment Authorization Emergency Act of 2013\u201d.\nSec. 2. Pursuant to section 451 of the District of Columbia Home Rule Act, approved\nDecember 24, 1973 (87 Stat. 803; D.C. Official Code \u00a7 1-204.51), and notwithstanding the\nrequirements of section 202(a) of the Procurement Practices Reform Act of 2010, effective April\n8, 2011 (D.C. Law 18-371; D.C. Official Code \u00a7 2-352.02(a)), the Council approves\nModification No. M0002 to Contract No. CW14591 with Precision Truck Repair, Inc. to provide\nschool bus maintenance services and authorizes payment in the total not-to-exceed amount of\n$1,499,000 for services received and to be received under the contract.\nSec. 3. Fiscal impact statement.\nThe Council adopts the fiscal impact statement of the Chief Financial Officer as the\nfiscal impact statement required by section 602(c)(3) of the District of Columbia Home Rule\nAct, approved December 24, 1973 (87 Stat. 813; D.C. Official Code \u00a7 1-206.02(c)(3)).\nSec. 4. Effective date.\nThis act shall take effect following approval by the Mayor (or in the event of veto by the\nMayor, action by the Council to override the veto), and shall remain in effect for no longer than\n90 days, as provided for emergency acts of the Council of the District of Columbia in section\n412(a) of the District of Columbia Home Rule Act, approved December 24, 1973 (87 Stat. 788;\nD.C. Official Code \u00a7 1-204.12(a)).\n\nNot Codified\n\nModification\nNo. M0002 to\nContract No.\nCW14591\nApproval and\nPayment\nAuthorization\nEmergency\nAct of 2013\n\n\f", 
  "title": "Modification No. M0002 to Contract Number Cw14591 Approval and Payment Authorization Emergency Act of 2013", 
  "council_period": "20"
}