{
  "end": "3866", 
  "name": "Act_20-383.pdf", 
  "start": "3866", 
  "text": "COUNCIL OF THE DISTRICT OF COLUMBIA\nD.C. Act 20-383, effective July 25, 2014 (Expiration date October 25, 2014)\n\n20 DCSTAT 3866\n\nAN ACT\n\nBill 20-866\nEmergency\nDeclaration\nRes. 20-580\n20 DCStat 3999\n\nTo approve, on an emergency basis, Modification Nos. 2 and 3 to Contract No. DCKA-2012-C-0089 with\nCapitol Paving of D.C., Inc. to provide pavement restoration services for local streets and to\nauthorize payment for services received and to be received under the contract.\n\nBE IT ENACTED BY THE COUNCIL OF THE DISTRICT OF COLUMBIA, That this\nact may be cited as the \u201cModification Nos. 2 and 3 to Contract No. DCKA-2012-C-0089 for\nLocal Pavement Restoration Services Payment Approval and Payment Authorization Emergency\nAct of 2014\u201d.\n\nSec. 2. Pursuant to section 451 of the District of Columbia Home Rule Act, approved\nDecember 24, 1973 (87 Stat. 803; D.C. Official Code \u00a7 1-204.51), and notwithstanding the\nrequirements of section 202 of the Procurement Practices Reform Act of 2010, effective April 8,\n2011 (D.C. Law 18-371; D.C. Official Code \u00a7 2-352.02), the Council approves Modification\nNos. 2 and 3 to Contract No. DCKA-2012-C-0089 with Capitol Paving of D.C., Inc. to provide\npavement restoration services for the District Department of Transportation and authorizes\npayment in the amount of $11,145,855 for services received and to be received under the\ncontract.\nSec. 3. Fiscal impact statement.\nThe Council adopts the fiscal impact statement of the Chief Financial Officer as the fiscal\nimpact statement required by section 602(c)(3) of the District of Columbia Home Rule Act,\napproved December 24, 1973 (87 Stat. 813; D.C. Official Code \u00a7 1-206.02(c)(3)).\nSec. 4. Effective date.\nThis act shall take effect following approval by the Mayor (or in the event of veto by the\nMayor, action by the Council to override the veto), and shall remain in effect for no longer than\n90 days, as provided for emergency acts of the Council of the District of Columbia in section\n412(a) of the District of Columbia Home Rule Act, approved December 24, 1973 (87 Stat. 788;\nD.C. Official Code \u00a7 1-204.12(a)).\n\nNot Codified\n\nModification\nNos. 2 and 3\nto Contract\nNo. DCKA2012-C-0089\nfor Local\nPavement\nRestoration\nServices\nPayment\nApproval and\nPayment\nAuthorization\nEmergency\nAct of 2014\n\n\f", 
  "title": "Modification Nos. 2 and 3 to Contract No. DCKA-2012-C-0089 for Local Pavement Restoration Services Payment Approval and Payment Authorization Emergency Act of 2014", 
  "council_period": "20"
}