{
  "start": "379", 
  "text": "COUNCIL OF THE DISTRICT OF COLUMBIA\n20 DCSTAT 379\nD.C. Act 19-614, effective January 14, 2013 (Expiration date April 14, 2013)\n\nAN ACT\n\nBill 19-1100\nEmergency\nDeclaration\nRes. 19-755\n20 DCStat 564\n\nTo amend, on an emergency basis, section 25-723 of the District of Columbia Official Code to establish\nthat for 2013 \u201cInaugural Week\u201d means January 15 through January 22.\n\nCodification\nDistrict of\nColumbia\nOfficial Code\n2001 Edition\n\nBE IT ENACTED BY THE COUNCIL OF THE DISTRICT OF COLUMBIA, That this\nact may be cited as the \"Inaugural Hours Emergency Act of 2012\".\n\nInaugural\nHours\nEmergency\nAct of 2012\n\nSec. 2. Section 25-723(e)(1) of the District of Columbia Official Code is amended by\nstriking the phrase \u201cdesignated \u201cInaugural Week\u201d\u201d and inserting the phrase \u201cdesignated\n\u201cInaugural Week\u201d, except that in 2013 the week of January 15 through January 22, shall be\ndesignated as \u201cInaugural Week\u201d\u201d in its place.\n\nNote,\n\u00a7 25-723\n\nSec. 3. Fiscal impact statement.\nThe Council adopts the fiscal impact statement of the Budget Director as the fiscal impact\nstatement required by section 602(c)(3) of the District of Columbia Home Rule Act, approved\nDecember 24, 1973 (87 Stat. 813; D.C. Official Code \u00a7 1-206.02(c)(3)).\nSec. 4. Effective date.\nThis act shall take effect following approval by the Mayor (or in the event of veto by the\nMayor, action by the Council to override the veto), and shall remain in effect for no longer than\n90 days, as provided for emergency acts of the Council of the District of Columbia in section\n412(a) of the District of Columbia Home Rule Act, approved December 24, 1973 (87 Stat. 788;\nD.C. Official Code \u00a7 1-204.12(a)).\n\n\f", 
  "end": "379", 
  "name": "Act_19-614.pdf", 
  "title": "Inaugural Hours Emergency Act of 2012"
}