{
  "end": "1437", 
  "name": "Act_20-82.pdf", 
  "start": "1437", 
  "text": "COUNCIL OF THE DISTRICT OF COLUMBIA\n20 DCSTAT 1437\nD.C. Act 20-82, effective June 12, 2013 (Expiration date September 12, 2013)\n\nAN ACT\n\nBill 20-287\nEmergency\nDeclaration\nRes. 20-149\n20 DCStat 1571\n\nTo approve, on an emergency basis, modifications to Contract No. DCEB-DMPED-11-C-0023 to provide\ndevelopment management services to the Office of the Deputy Mayor for Planning and Economic\nDevelopment and to authorize payment to Vision McMillan Partners, LLC, for services received\nand to be received under the contract.\n\nBE IT ENACTED BY THE COUNCIL OF THE DISTRICT OF COLUMBIA, That this\nact may be cited as the \u201cContract No. DCEB-DMPED-11-C-0023 Approval and Payment\nAuthorization Emergency Act of 2013\u201d.\n\nSec. 2. Pursuant to section 451 of the District of Columbia Home Rule Act, approved\nDecember 24, 1973 (87 Stat. 803; D.C. Official Code \u00a7 1-204.51), and notwithstanding the\nrequirements of section 202 of the Procurement Practices Reform Act of 2010, effective April 8,\n2011 (D.C. Law 18-371; D.C. Official Code \u00a7 2-352.02), the Council approves Contract No.\nDCEB-DMPED-11-C-0023 to provide development management services to the Office of the\nDeputy Mayor for Planning and Economic Development and authorizes payment to Vision\nMcMillan Partners, LLC, in an amount not to exceed $1,340,000.00 for services received and to\nbe received under the Fiscal Year 2013 base contract modifications.\nSec. 3. Fiscal impact statement.\nThe Council adopts the fiscal impact statement of the Chief Financial Officer as the fiscal\nimpact statement required by section 602(c)(3) of the District of Columbia Home Rule Act,\napproved December 24, 1973 (87 Stat. 813; D.C. Official Code \u00a7 1-206.02(c)(3)).\nSec. 4. Effective date.\nThis act shall take effect following approval by the Mayor (or in the event of veto by the\nMayor, action by the Council to override the veto), and shall remain in effect for no longer than\n90 days, as provided for emergency acts of the Council of the District of Columbia in section\n412(a) of the District of Columbia Home Rule Act, approved December 24, 1973 (87 Stat. 788;\nD.C. Official Code \u00a7 1-204.12(a)).\n\nNot Codified\n\nContract No.\nDCEBDMPED-11C-0023\nApproval and\nPayment\nAuthorization\nEmergency\nAct of 2013\n\n\f", 
  "title": "Contract No. Dceb-Dmped-11-C-0023 Approval and Payment Authorization Emergency Act of 2013", 
  "council_period": "20"
}