{
  "start": "2604", 
  "text": "COUNCIL OF THE DISTRICT OF COLUMBIA\n20 DCSTAT 2604\nD.C. Act 20-215, effective November 20, 2013 (Expiration date February 18, 2014)\n\nAN ACT\n\nBill 20-541\nEmergency\nDeclaration\nRes. 20-336\n20 DCStat 2768\n\nTo amend, on an emergency basis, An Act To create a Department of Corrections in the District of\nColumbia and the Fiscal Year 2014 Budget Support Act of 2013 to clarify the Department of\nCorrections\u2019 authority over the management and operation of the Central Cellblock at 300\nIndiana Avenue, N.W., to include persons detained at a medical facility in the District.\n\nBE IT ENACTED BY THE COUNCIL OF THE DISTRICT OF COLUMBIA, That this\nact may be cited as the \u201cDepartment of Corrections Central Cellblock Management Clarification\nEmergency Amendment Act of 2013\u201d.\n\nSec. 2. Section 2 of An Act To create a Department of Corrections in the District of\nColumbia, approved June 27, 1946 (60 Stat. 320; D.C. Official Code \u00a7 24-211.02), is amended\nby adding a new subsection (a-1) to reads as follows:\n\u201c(a-1)(1) The Department of Corrections shall have charge of the management and\noperation of the Central Cellblock, located at 300 Indiana Avenue, N.W., Washington, D.C., and\nshall be responsible for the safekeeping, care, and protection of all persons detained at the\nCentral Cellblock or detained at a medical facility in the District, by the Metropolitan Police\nDepartment, before their initial court appearance.\n\u201c(2) Nothing in this subsection shall be construed as:\n\u201c(A) Removing any authority from the Metropolitan Police Department to\ndetermine where to hold in custody any person arrested and awaiting an initial court appearance;\n\u201c(B) Granting any arrest powers to any employee of the Department of\nCorrections performing any duty at the Central Cellblock; or\n\u201c(C) Limiting any powers or authority of the Metropolitan Police\nDepartment or the Department of Corrections.\u201d.\nSec. 3. Section 3002 of the Fiscal Year 2014 Budget Support Act of 2013, signed by the\nMayor on August 28, 2013 (D.C. Act 20-157; 60 DCR 12472), is amended to read as follows:\n\u201cSec. 3002. Section 2 of An Act To create a Department of Corrections in the District of\nColumbia, approved June 27, 1946 (60 Stat. 320; D.C. Official Code \u00a7 24-211.02), is amended\nby adding a new subsection (a-1) to reads as follows:\n\u201c(a-1)(1) The Department of Corrections shall have charge of the management and\noperation of the Central Cellblock, located at 300 Indiana Avenue, N.W., Washington, D.C., and\nshall be responsible for the safekeeping, care, and protection of all persons detained at the\n\nCodification\nDistrict of\nColumbia\nOfficial Code\n2001 Edition\nDepartment of\nCorrections\nCentral\nCellblock\nManagement\nClarification\nEmergency\nAmendment\nAct of 2013\nNote,\n\u00a7 24-211.02\n\nNote,\n\u00a7 24-211.02\n\n\fCOUNCIL OF THE DISTRICT OF COLUMBIA\n20 DCSTAT 2605\nD.C. Act 20-215, effective November 20, 2013 (Expiration date February 18, 2014)\n\nCentral Cellblock or detained at a medical facility in the District, by the Metropolitan Police\nDepartment, before their initial court appearance.\n\u201c(2) Nothing in this subsection shall be construed as:\n\u201c(A) Removing any authority from the Metropolitan Police Department to\ndetermine where to hold in custody any person arrested and awaiting an initial court appearance;\n\u201c(B) Granting any arrest powers to any employee of the Department of\nCorrections performing any duty at the Central Cellblock; or\n\u201c(C) Limiting any powers or authority of the Metropolitan Police\nDepartment or the Department of Corrections.\u201d.\nSec. 4. Fiscal impact statement.\nThe Council adopts the fiscal impact statement of the Chief Financial Officer as the\nfiscal impact statement required by section 602(c)(3) of the District of Columbia Home\nRule Act, approved December 24, 1973 (87 Stat. 813; D.C. Official Code \u00a7 1-206.02(c)(3)).\nSec. 5. Effective date.\nThis act shall take effect following approval by the Mayor (or in the event of veto by the\nMayor, action by the Council to override the veto), and shall remain in effect for no longer than\n90 days, as provided for emergency acts of the Council of the District of Columbia in section\n412(a) of the District of Columbia Home Rule Act, approved December 24, 1973 (87 Stat. 788;\nD.C. Official Code \u00a7 1-204.12(a)).\n\n\f", 
  "end": "2605", 
  "name": "Act_20-215.pdf", 
  "title": "Department of Corrections Central Cellblock Management Clarification Emergency Amendment Act of 2013"
}