{
  "start": "3303", 
  "text": "COUNCIL OF THE DISTRICT OF COLUMBIA\nD.C. Act 20-322, effective April 28, 2014 (Expiration date July 27, 2014)\n\n20 DCSTAT 3303\n\nAN ACT\n\nBill 20-730\nEmergency\nDeclaration\nRes. 20-459\n20 DCStat 3393\n\nTo approve, on an emergency basis, District multiyear Delivery Order No. CW23558 under Federal\nContract No. SP0600-13-D-4037 to provide and deliver fuel to various District sites and to\nauthorize payment for the goods and services received and to be received under that delivery\norder.\n\nBE IT ENACTED BY THE COUNCIL OF THE DISTRICT OF COLUMBIA, That this\nact may be cited as the \u201cDistrict Multiyear Delivery Order No. CW23558 under Federal Contract\nNo. SP0600-13-D-4037 Approval and Payment Authorization Emergency Act of 2014\u201d.\n\nSec. 2. Pursuant to section 451 of the District of Columbia Home Rule Act, approved\nDecember 24, 1973 (87 Stat. 803; D.C. Official Code \u00a7 1-204.51), and notwithstanding the\nrequirements of section 202 of the Procurement Practices Reform Act of 2010, effective April 8,\n2011 (D.C. Law 18-371; D.C. Official Code \u00a72-352.02), the Council approves District multiyear\nDelivery Order No. CW23558 with Truman Arnold Companies to provide and deliver fuel to\nvarious District sites under Federal Contract No. SP0600-13-D-4037 and authorizes payment in\nthe estimated amount of $553,503.28 for services received and to be received under that delivery\norder.\nSec. 3. Fiscal impact statement.\nThe Council adopts the fiscal impact statement of the Chief Financial Officer as the fiscal\nimpact statement required by section 602(c)(3) of the District of Columbia Home Rule Act,\napproved December 24, 1973 (87 Stat. 813; D.C. Official Code \u00a7 1-206.02(c)(3)).\nSec. 4. Effective date.\nThis act shall take effect following approval by the Mayor (or in the event of veto by the\nMayor, action by the Council to override the veto), and shall remain in effect for no longer than\n90 days, as provided for acts of the Council of the District of Columbia in section 412(a) of the\nDistrict of Columbia Home Rule Act, approved December 24, 1973 (87 Stat. 788; D.C. Official\nCode \u00a7 1-204.12(a\n\nNot Codified\n\nDistrict\nMultiyear\nDelivery\nOrder No.\nCW23558\nunder Federal\nContract No.\nSP0600-13-D4037\nApproval and\nPayment\nAuthorization\nEmergency\nAct of 2014\n\n\f", 
  "end": "3303", 
  "name": "Act_20-322.pdf", 
  "title": "District Multiyear Delivery Order No. CW23558 Under Federal Contract No. SP0600-13-D-4037 Approval and Payment Authorization Emergency Act of 2014"
}