{
  "end": "482", 
  "name": "Act_20-23.pdf", 
  "start": "481", 
  "text": "COUNCIL OF THE DISTRICT OF COLUMBIA\nD.C. Act 20-23, effective March 7, 2013 (Expiration date May 31, 2013)\n\n20 DCSTAT 481\n\nAN ACT\n\nBill 20-133\nEmergency\nDeclaration\nRes. 20-37\n20 DCStat 739\n\nTo authorize, on an emergency basis, due to Congressional review, a building owner or tenant of a\nbuilding owner to reconstruct building projections in the public space after the completion of the\n18th Street streetscape project.\n\nBE IT ENACTED BY THE COUNCIL OF THE DISTRICT OF COLUMBIA, That this\nact may be cited as the \"Streetscape Reconstruction Congressional Review Emergency Act of\n2013\".\n\nSec. 2. Authority to reconstruct building projections upon completion of 18th Street\nstreetscape project.\n(a) Upon completion of the 18th Street streetscape project (capital project number\nSR036A), a building owner or any tenant of the building owner shall be permitted to reconstruct\nany building projection that existed before the commencement of the streetscape project and that\nwas altered because of the streetscape project; provided, that the building projection is identical\nto the building projection that existed at the commencement of the streetscape project and so\nlong as the building owner, or the tenants of the building owner, obtains the building and\nconstruction permits required by law and pays the associated building and construction permit\nfees; provided further, that reconstruction of any building projections for which no public space\npermit has been issued must be reconstructed as a temporary structure.\n(b) For the purposes of this section, the term:\n(1) \u201cBuilding projection\u201d means a bay window, staircase, patio, sidewalk caf\u00e9, or\nother fixture attached to a building and located on public space.\n(2) \u201cStreetscape project\u201d means a roadway reconstruction on a commercial main\nstreet.\nSec. 3. Applicability.\nThis act shall apply as of March 2, 2013.\nSec. 4. Fiscal impact statement.\nThe Council adopts the fiscal impact statement of the Budget Director as the fiscal impact\nstatement required by section 602(c)(3) of the District of Columbia Home Rule Act, approved\nDecember 24, 1973 (87 Stat. 813; D.C. Official Code \u00a7 1-206.02(c)(3)).\n\nCodification\nDistrict of\nColumbia\nOfficial Code\n2001 Edition\nStreetscape\nReconstruction\nCongressional\nReview\nEmergency\nAct of 2013\n\nNote,\n\u00a7 1-325.191\n\nApplicable\nAs of\nMarch 2, 2013\n\n\fCOUNCIL OF THE DISTRICT OF COLUMBIA\nD.C. Act 20-23, effective March 7, 2013 (Expiration date May 31, 2013)\n\n20 DCSTAT 482\n\nSec. 5. Effective date.\nThis act shall take effect following approval by the Mayor (or in the event of veto by the\nMayor, action by the Council to override the veto), and shall remain in effect for no longer than\n90 days, as provided for emergency acts of the Council of the District of Columbia in section\n412(a) of the District of Columbia Home Rule Act, approved December 24, 1973 (87 Stat. 788;\nD.C. Official Code \u00a7 1-204.12(a)).\n\n\f", 
  "title": "Streetscape Reconstruction Congressional Review Emergency Act of 2013", 
  "council_period": "20"
}