{
  "start": "3349", 
  "text": "COUNCIL OF THE DISTRICT OF COLUMBIA\n20 DCSTAT 3349\nD.C. Act 20-358, effective June 18, 2014 (Expiration date September 16, 2014)\n\nAN ACT\n\nBill 20-782\nEmergency\nDeclaration\nRes. 20-503\n20 DCStat 3477\n\nTo approve, on an emergency basis, Option Period Four of Task Order No. DCTO-2010-T-0100 with\nSprint Communications Company, L.P., to continue to supply the District with wireless\ntelecommunications products and services and other products and support services related to\nenterprise communications and information technology, and to authorize payment for the services\nreceived and to be received under the Task Order.\n\nBE IT ENACTED BY THE COUNCIL OF THE DISTRICT OF COLUMBIA, That this\nact may be cited as the \u201cOption Period Four of Task Order No. DCTO-2010-T-0100 with Sprint\nCommunications Company, L.P., Approval and Payment Authorization Emergency Act of\n2014\u201d.\nSec. 2. Pursuant to section 451 of the District of Columbia Home Rule Act, approved\nDecember 24, 1973 (87 Stat. 803; D.C. Official Code \u00a7 1-204.51), and notwithstanding the\nrequirements of section 202(a) of the Procurement Practices Reform Act of 2010, effective April\n8, 2011 (D.C. Law 18-371; D.C. Official Code \u00a7 2-352.02(a)), the Council approves the exercise\nof Option Period Four of Task Order No. DCTO-2010-T-0100 with Sprint Communications\nCompany, L.P., to continue to supply the District with wireless telecommunications products and\nservices and other products and support services related to enterprise communications and\ninformation technology, and authorizes payment in an amount not to exceed $2,024,410.83 for\nservices received and to be received under the Task Order.\nSec. 3. Fiscal impact statement.\nThe Council adopts the fiscal impact statement of the Chief Financial Officer as the fiscal\nimpact statement required by section 602(c)(3) of the District of Columbia Home Rule Act,\napproved December 24, 1973 (87 Stat. 813; D.C. Official Code \u00a7 1-206.02(c)(3)).\nSec. 4. Effective date.\nThis act shall take effect following approval by the Mayor (or in the event of veto by the\nMayor, action by the Council to override the veto), and shall remain in effect for no longer than\n90 days, as provided for emergency acts of the Council of the District of Columbia in section\n412(a) of the District of Columbia Home Rule Act, approved December 24, 1973 (87 Stat. 788;\nD.C. Official Code \u00a7 1-204.12(a)).\n\nNot Codified\n\nOption Period\nFour of Task\nOrder No.\nDCTO-2010T-0100 with\nSprint\nCommunicati\nons Company,\nL.P.,\nApproval and\nPayment\nAuthorization\nEmergency\nAct of 2014\n\n\f", 
  "end": "3349", 
  "name": "Act_20-358.pdf", 
  "title": "Option Period Four of Task Order No. DCTO-2010-T-0100 with Sprint Communications Company, L.P., Approval and Payment Authorization Emergency Act of 2014"
}