{
  "end": "475", 
  "name": "Act_20-18.pdf", 
  "start": "474", 
  "text": "COUNCIL OF THE DISTRICT OF COLUMBIA\nD.C. Act 20-18, effective March 1, 2013 (Expiration date May 30, 2013)\n\n20 DCSTAT 474\n\nAN ACT\n\nBill 20-96\nEmergency\nDeclaration\nRes. 20-30\n20 DCStat 731\n\nTo limit, on an emergency basis, the number of medical marijuana cultivation centers and dispensaries that\nmay locate in a single election ward in the District of Columbia.\n\nBE IT ENACTED BY THE COUNCIL OF THE DISTRICT OF COLUMBIA, That this\nact may be cited as the \u201cMedical Marijuana Cultivation Center and Dispensary Location\nRestriction Emergency Amendment Act of 2013\u201d.\n\nSec. 2. Section 7(d) of the Legalization of Marijuana for Medical Treatment Initiative of\n1999, effective July 27, 2010 (D.C. Law 18-210; D.C. Official Code \u00a7 7-1671.06), is amended as\nfollows:\n(a) Paragraph (2) is amended to read as follows:\n\u201c(2)(A) No more than 5 dispensaries shall be registered to operate in the District;\nprovided, that the Mayor may increase the number to as many as 8 by rulemaking to ensure that\nqualifying patients have adequate access to medical marijuana; provided further, that no more\nthan 2 dispensaries shall be registered to operate within a single election ward established by the\nCouncil in section 4 of the Redistricting Procedure Act of 1981, effective March 16, 1982 (D.C.\nLaw 4-87; D.C. Official Code \u00a7 1-1041.03).\n\u201c(B) The prohibition of no more than 2 dispensaries being registered to\noperate within a single election ward set forth in subparagraph (A) of this paragraph shall apply\nto applications pending as of the effective date of the Medical Marijuana Cultivation Center and\nDispensary Location Restriction Emergency Amendment Act of 2013, passed on emergency\nbasis on February 5, 2013 (Enrolled version of Bill 20-96).\n\u201c(C)(i) No more than one medical marijuana dispensary may be registered\nto operate in any election ward in which 5 medical marijuana cultivation centers have been\nregistered to operate.\n\u201c(ii) The prohibition of no more than one dispensary being\nregistered to operate within a single election ward in which 5 cultivation centers have been\nregistered to operate set forth in sub-subparagraph (i) of this subparagraph shall apply to\napplications pending as of the effective date of the Medical Marijuana Cultivation Center and\nDispensary Location Restriction Emergency Amendment Act of 2013, passed on emergency\nbasis on February 5, 2013 (Enrolled version of Bill 20-96).\u201d.\n\nCodification\nDistrict of\nColumbia\nOfficial Code\n2001 Edition\nMedical\nMarijuana\nCultivation\nCenter and\nDispensary\nLocation\nRestriction\nEmergency\nAmendment\nAct of 2013\nNote,\n\u00a7 7-1671.06\n\n\fCOUNCIL OF THE DISTRICT OF COLUMBIA\nD.C. Act 20-18, effective March 1, 2013 (Expiration date May 30, 2013)\n\n20 DCSTAT 475\n\n(b) Paragraph (3) is amended to read as follows:\n\u201c(3)(A) The number of cultivation centers that may be registered to operate in the\nDistrict shall be determined by rulemaking; provided, that no more than 6 cultivation centers\nshall be registered to operate within a single election ward established by the Council in section 4\nof the Redistricting Procedure Act of 1981, effective March 16, 1982 (D.C. Law 4-87; D.C.\nOfficial Code \u00a7 1-1041.03).\n\u201c(B) The prohibition of no more than 6 cultivation centers being registered\nto operate within a single election ward set forth in subparagraph (A) of this paragraph shall\napply to applications pending as of the effective date of Medical Marijuana Cultivation Center\nand Dispensary Location Restriction Emergency Amendment Act of 2013, passed on emergency\nbasis on February 5, 2013 (Enrolled version of Bill 20-96).\u201d.\nSec. 3. Fiscal impact statement.\nThe Council adopts the fiscal impact statement of the Budget Director as the\nfiscal impact statement required by section 602(c)(3) of the District of Columbia Home Rule\nAct, approved December 24, 1973 (87 Stat. 813; D.C. Official Code \u00a7 1-206.02(c)(3)).\nSec. 4. Effective date.\nThis act shall take effect following approval by the Mayor (or in the event of veto by the\nMayor, action by the Council to override the veto), and shall remain in effect for no longer than\n90 days, as provided for emergency acts of the Council of the District of Columbia in section\n412(a) of the District of Columbia Home Rule Act, approved December 24, 1973 (87 Stat. 788;\nD.C. Official Code \u00a7 1-204.12(a)).\n\n\f", 
  "title": "Medical Marijuana Cultivation Center and Dispensary Location Restriction Emergency Amendment Act of 2013", 
  "council_period": "20"
}