{
  "end": "3313", 
  "name": "Act_20-330.pdf", 
  "start": "3313", 
  "text": "COUNCIL OF THE DISTRICT OF COLUMBIA\nD.C. Act 20-330, effective May 22, 2014 (Expiration date August 20, 2014)\n\n20 DCSTAT 3313\n\nAN ACT\n\nBill 20-778\nEmergency\nDeclaration\nRes. 20-473\n20 DCStat 3416\n\nTo approve, on an emergency basis, Contract No. DCHBX-2013-0003 to provide technical information\ntechnology support services and to authorize payment for the services received and to be received\nunder the contract.\n\nBE IT ENACTED BY THE COUNCIL OF THE DISTRICT OF COLUMBIA, That this\nact may be cited as the \u201cContract No. DCHBX-2013-0003 Approval and Payment Authorization\nEmergency Act of 2014\u201d.\nSec. 2. Pursuant to section 451 of the District of Columbia Home Rule Act, approved\nDecember 24, 1973 (87 Stat. 803; D.C. Official Code \u00a7 1-204.51), and notwithstanding the\nrequirements of section 202 of the Procurement Practices Reform Act of 2010, effective April 8,\n2011 (D.C. Law 18-371; D.C. Official Code \u00a7 2-352.02), the Council approves Contract No.\nDCHBX-2013-0003 with Enlightened, Inc., to provide technical information technology support\nservices and authorizes payment in the total not-to-exceed amount of $1,800,000 for services\nreceived and to be received under that contract.\nSec. 3. Fiscal impact statement.\nThe Council adopts the fiscal impact statement of the Chief Financial Officer as the fiscal\nimpact statement required by section 602(c)(3) of the District of Columbia Home Rule Act,\napproved December 24, 1973 (87 Stat. 813; D.C. Official Code \u00a7 1-206.02(c)(3)).\nSec. 4. Effective date.\nThis act shall take effect following approval by the Mayor (or in the event of veto by the\nMayor, action by the Council to override the veto), and shall remain in effect for no longer than\n90 days, as provided for emergency acts of the Council of the District of Columbia in section\n412(a) of the District of Columbia Home Rule Act, approved December 24, 1973 (87 Stat. 788;\nD.C. Official Code \u00a7 1-204.12(a)).\n\nNot Codified\n\nContract No.\nDCHBX-20130003\nApproval and\nPayment\nAuthorization\nEmergency\nAct of 2014\n\n\f", 
  "title": "Contract No. DCHBX-13-0003 Approval and Payment Authorization Emergency Act of 2014", 
  "council_period": "20"
}