{
  "end": "4437", 
  "name": "Act_20-523.pdf", 
  "start": "4437", 
  "text": "COUNCIL OF THE DISTRICT OF COLUMBIA\n20 DCSTAT 4437\nD.C. Act 20-523, effective December 18, 2014 (Expiration date March 18, 2015)\n\nAN ACT\n\nBill 20-1004\nEmergency\nDeclaration\nRes. 20-710\n20 DCStat 4626\n\nTo amend, on an emergency basis, the District of Columbia Health Occupations Revision Act of 1985 to\nextend the transition period for persons currently meeting the requirements for licensure as\ntrauma technologists in the District.\n\nCodification\nDistrict of\nColumbia\nOfficial Code\n2001 Edition\n\nBE IT ENACTED BY THE COUNCIL OF THE DISTRICT OF COLUMBIA, That this\nact may be cited as the \u201cTrauma Technologists Licensure Emergency Amendment Act of 2014\u201d.\n\nTrauma\nTechnologists\nLicensure\nEmergency\nAmendment\nAct of 2014\n\nSec. 2. Section 653 of the District of Columbia Health Occupations Revision Act of\n1985, effective January 25, 2014 (D.C. Law 20-64; D.C. Official Code \u00a7 3-1206.53), is amended\nby striking the phrase \u201c12 months\u201d and inserting the phrase \u201c24 months\u201d in its place.\nSec. 3. Fiscal impact statement.\nThe Council adopts the fiscal impact statement of the Budget Director as the fiscal impact\nstatement required by section 602(c)(3) of the District of Columbia Home Rule Act, approved\nDecember 24, 1973 (87 Stat. 813; D.C. Official Code \u00a7 1-206.02(c)(3)).\nSec. 4. Effective date.\nThis act shall take effect following approval by the Mayor (or in the event of veto by the\nMayor, action by the Council to override the veto), and shall remain in effect for no longer than\n90 days, as provided for emergency acts of the Council of the District of Columbia in section\n412(a) of the District of Columbia Home Rule Act, approved December 24, 1973 (87 Stat. 788;\nD.C. Official Code \u00a7 1-204.12(a)).\n\nNote,\n\u00a7 3-1206.53\n\n\f", 
  "title": "Trauma Technologists Licensure Emergency Amendment Act of 2014", 
  "council_period": "20"
}