{
  "start": "3688", 
  "text": "COUNCIL OF THE DISTRICT OF COLUMBIA\nD.C. Act 20-373, effective July 10, 2014 (Expiration date October 8, 2014)\n\n20 DCSTAT 3688\n\nAN ACT\n\nBill 20-828\nEmergency\nDeclaration\nRes. 20-521\n20 DCStat 3920\n\nTo approve, on an emergency basis, Contract No. NFPHC-208a to provide workers\u2019 compensation\ninsurance for the Not-for-Profit Hospital Corporation (\u2018NFPHC\u2019) and Contract No. NFPHC-208b\nto provide workers\u2019 compensation insurance for the NFPHC, and to authorize payment for the\nservices received and to be received under the contracts.\n\nBE IT ENACTED BY THE COUNCIL OF THE DISTRICT OF COLUMBIA, That this\nact may be cited as the \u201cNFPHC Omnibus Employee Workers\u2019 Compensation Insurance\nApproval and Payment Authorization Emergency Act of 2014\u201d.\n\nSec. 2. Pursuant to section 451 of the District of Columbia Home Rule Act, approved\nDecember 24, 1973 (87 Stat. 803; D.C. Official Code \u00a7 1-204.51), and notwithstanding the\nrequirements of section 202 of the Procurement Practices Reform Act of 2010, effective April 8,\n2011 (D.C. Law 18-371; D.C. Official Code \u00a7 2-352.02), the Council approves the following\ncontracts, and authorizes payment as stated below:\n(1) Contract No. NFPHC-208a (2012-2013 Policy) between NFPHC and National\nUnion Fire Insurance Company of Pittsburgh, PA (\u201cNational\u201d), to provide workers\u2019\ncompensation insurance to the NFPHC and payment in the amount of $1,057,121 for services\nreceived under this contract from July 9, 2012, through July 9, 2013; and\n(2) Contract No. NFPHC-208b (2013-2014 Policy) between the NFPHC and\nNational to provide workers\u2019 compensation insurance to the NFPHC and payment in the amount\nof $1,065,272 for services received and to be received under this contract from July 9, 2013,\nthrough July 9, 2014.\nSec. 3. Fiscal impact statement.\nThe Council adopts the fiscal impact statement of the Chief Financial Officer as the fiscal\nimpact statement required by section 602(c)(3) of the District of Columbia Home Rule Act,\napproved December 24, 1973 (87 Stat. 813; D.C. Official Code \u00a7 1-206.02(c)(3)).\nSec. 4. Effective date.\nThis act shall take effect following approval by the Mayor (or in the event of veto by the\nMayor, action by the Council to override the veto), and shall remain in effect for no longer than\n90 days, as provided for emergency acts of the Council of the District of Columbia in section\n412(a) of the District of Columbia Home Rule Act, approved December 24, 1973 (87 Stat. 788;\nD.C. Official Code \u00a7 1-204.12(a)).\n\nNot Codified\n\nNFPHC\nOmnibus\nEmployee\nWorkers\u2019\nCompensation\nInsurance\nApproval and\nPayment\nAuthorization\nEmergency\nAct of 2014\n\n\f", 
  "end": "3688", 
  "name": "Act_20-373.pdf", 
  "title": "NFPHC Omnibus Employee Workers' Compensation Insurance Approval and Payment Emergency Act of 2014"
}