{
  "start": "1406", 
  "text": "COUNCIL OF THE DISTRICT OF COLUMBIA\nD.C. Act 20-57, effective April 23, 2013 (Expiration date July 13, 2013)\n\n20 DCSTAT 1406\n\nAN ACT\n\nBill 20-220\nEmergency\nDeclaration\nRes. 20-86\n20 DCStat 1472\n\nTo amend, on an emergency basis, due to Congressional review, section 47-1086 of the District of\nColumbia Official Code to restore the applicability provision of the real-property-tax exemption\ngranted to the United House of Prayer for All People.\n\nBE IT ENACTED BY THE COUNCIL OF THE DISTRICT OF COLUMBIA, That this\nact may be cited as the \u201cUnited House of Prayer for All People Real Property Tax Exemption\nTechnical Congressional Review Emergency Act of 2013\u201d.\n\nSec. 2. Section 47-1086 of the District of Columbia Official Code is amended by adding\na new subsection (c) to read as follows:\n\u201c(c) This section shall apply as of March 1, 2011.\u201d.\nSec. 3. Applicability date\nThis act shall apply as of April 14, 2013.\nSec. 4. Fiscal impact statement.\nThe Council adopts the fiscal impact statement of the Budget Director as the fiscal impact\nstatement required by section 602(c)(3) of the District of Columbia Home Rule Act, approved\nDecember 24, 1973 (87 Stat. 813; D.C. Official Code \u00a7 1-206.02(c)(3)).\nSec. 5 Effective date.\nThis act shall take effect following approval by the Mayor (or in the event of veto by the\nMayor, action by the Council to override the veto), and shall remain in effect for no longer than\n90 days, as provided for emergency acts of the Council of the District of Columbia in section\n412(a) of the District of Columbia Home Rule Act, approved December 24, 1973 (87 Stat. 788;\nD.C. Official Code \u00a7 1-204.12(a)).\n\nCodification\nDistrict of\nColumbia\nOfficial Code\n2001 Edition\nUnited House\nof Prayer for\nAll People\nReal Property\nTax\nExemption\nTechnical\nCongressional\nReview\nEmergency\nAct of 2013\nNote ,\n\u00a7 47-1086\nApplicable as\nof April 14,\n2013\n\n\f", 
  "end": "1406", 
  "name": "Act_20-57.pdf", 
  "title": "United House of Prayer for All People Real Property Tax Exemption Technical Congressional Review Emergency Act of 2013"
}