{
  "start": "1416", 
  "text": "COUNCIL OF THE DISTRICT OF COLUMBIA\n20 DCSTAT 1416\nD.C. Act 20-66, effective May 15, 2013 (Expiration date August 13, 2013)\n\nAN ACT\n\nBill 20-252\nEmergency\nDeclaration\nRes. 20-110\n20 DCStat 1498\n\nTo amend, on an emergency basis, An Act Authorizing the sale of certain real estate in the District of\nColumbia no longer required for public purposes to authorize an extension of time to dispose of\nDistrict-owned real property located at 1421 Euclid Street, N.W., designated for tax and\nassessment purposes as Lot 0811 in Square 2665.\n\nCodification\nDistrict of\nColumbia\nOfficial Code\n2001 Edition\n\nBE IT ENACTED BY THE COUNCIL OF THE DISTRICT OF COLUMBIA, That this\nact may be cited as the \u201cExtension of Time to Dispose of Justice Park Property Emergency\nAmendment Act of 2013\u201d.\n\nExtension of\nTime to\nDispose of\nJustice Park\nProperty\nEmergency\nAmendment\nAct of 2013\n\nSec. 2. Section 1 of An Act Authorizing the sale of certain real estate in the District of\nColumbia no longer required for public purposes, approved August 5, 1939 (53 Stat. 1211; D.C.\nOfficial Code \u00a7 10-801), is amended by adding new subsection (d-7) to read as follows:\n\u201c(d-7)(1) Notwithstanding subsection (d) of this section, the time period within which\nthe Mayor may dispose of 1421 Euclid Street, N.W., designated for purposes of taxation and\nassessment as Lot 0811, in Square 2665, known as the Justice Park, for which disposition was\napproved by the Council pursuant to the Justice Park Property Disposition Approval Resolution\nof 2011, effective April 5, 2011 (Res. 19-77; 58 DCR 3199), is extended to April 5, 2014.\n\u201c(2) This subsection shall apply as of April 5, 2013.\u201d.\nSec. 3. Fiscal impact statement.\nThe Council adopts the fiscal impact statement of the Chief Financial Officer as the fiscal\nimpact statement required by section 602(c)(3) of the District of Columbia Home Rule Act,\napproved December 24, 1973 (87 Stat. 813; D.C. Official Code \u00a71-206.02(c)(3)).\nSec. 4. Effective date.\nThis act shall take effect following approval by the Mayor (or in the event of veto by the\nMayor, action by the Council to override the veto), and shall remain in effect for no longer than\n90 days, as provided for emergency acts of the Council of the District of Columbia in section\n412(a) of the District of Columbia Home Rule Act, approved December 24, 1973 (87 Stat. 788;\nD.C. Official Code \u00a7 1-204.12(a)).\n\nNote,\n\u00a7 10-801\n\n\f", 
  "end": "1416", 
  "name": "Act_20-66.pdf", 
  "title": "Extension of Time Dispose of Justice Park Emergency Act of 2013"
}