{
  "start": "489", 
  "text": "COUNCIL OF THE DISTRICT OF COLUMBIA\nD.C. Act 20-26, effective March 14, 2013 (Expiration date June 12, 2013)\n\n20 DCSTAT 489\n\nAN ACT\n\nBill 20-157\nEmergency\nDeclaration\nRes. 20-66\n20 DCStat 792\n\nTo amend, on an emergency basis, the District of Columbia Public Assistance Act of 1982 to delay the next\nscheduled reduction in Temporary Assistance for Needy Families payments from April 1, 2013,\nuntil October 1, 2013.\n\nBE IT ENACTED BY THE COUNCIL OF THE DISTRICT OF COLUMBIA, That this\nact may be cited as the \u201cTemporary Assistance for Needy Families Time Extension Emergency\nAmendment Act of 2013\u201d.\nSec. 2. Section 552 of the District of Columbia Public Assistance Act of 1982, effective\nApril 6, 1982 (D.C. Law 4-101; D.C. Official Code \u00a7 4-205.52), is amended by adding a new\nsubsection (c-2A) to read as follows:\n\u201c(c-2A) Notwithstanding subsection (c-3)(1) of this section, for the time period April 1,\n2013, through September 30, 2013, the level of public assistance payment for assistance units\nsubject to section 511b shall be as set forth in subsection (c-2) of this section.\u201d.\nSec. 3. Fiscal impact statement.\nThe Council adopts the fiscal impact statement of the Chief Financial Officer as the fiscal\nimpact statement required by section 602(c)(3) of the District of Columbia Home Rule Act,\napproved December 24, 1973 (87 Stat. 813; D.C. Official Code \u00a7 1-206.02(c)(3)).\nSec. 4. Effective date.\nThis act shall take effect following approval by the Mayor (or in the event of a veto by\nthe Mayor, action by the Council to override the veto), and shall remain in effect for no longer\nthan 90 days, as provided for emergency acts of the Council of the District of Columbia in\nsection 412(a) of the District of Columbia Home Rule Act, approved December 24, 1973 (87\nStat. 788; D.C. Official Code \u00a7 1-204.12(a)).\n\nCodification\nDistrict of\nColumbia\nOfficial Code\n2001 Edition\nTemporary\nAssistance for\nNeedy\nFamilies Time\nExtension\nEmergency\nAmendment\nAct of 2013\nNote,\n\u00a7 4-205.52\n\n\f", 
  "end": "489", 
  "name": "Act_20-26.pdf", 
  "title": "Temporary Assistance for Needy Families Time Extension Emergency Amendment Act of 2013"
}