{
  "start": "2638", 
  "text": "COUNCIL OF THE DISTRICT OF COLUMBIA\n20 DCSTAT 2638\nD.C. Act 20-244, effective December 23, 2013 (Expiration date March 23, 2014)\n\nAN ACT\n\nBill 20-585\nEmergency\nDeclaration\nRes. 20-362\n20 DCStat 2820\n\nTo approve, on an emergency basis, Modification No. 8 and Modification No. 10 to Contract No. DCKA2010-C-0206 to provide continued maintenance and operational services of single space parking\nmeters at various District locations and to authorize payment for services received and to be\nreceived under the contract.\n\nBE IT ENACTED BY THE COUNCIL OF THE DISTRICT OF COLUMBIA, That this\nact may be cited as the \u201cModification No. 8 and Modification No. 10 to Contract No. DCKA2010-C-0206 Approval and Payment Authorization Emergency Act of 2013\u201d.\n\nSec. 2. Pursuant to section 451 of the District of Columbia Home Rule Act, approved\nDecember 24, 1973 (87 Stat. 803; D.C. Official Code \u00a7 1-204.51), and notwithstanding the\nrequirements of section 202(a) of the Procurement Practices Reform Act of 2010, effective April\n8, 2011 (D.C. Law 18-371; D.C. Official Code \u00a7 2-352.02(a)), the Council approves\nModification No. 8 and Modification No. 10 to Contract No. DCKA-2010-C-0206 to provide\ncontinued maintenance and operational services of single space parking meters at various District\nlocations for the period of September 1, 2012 to August 25, 2014 in the amount of\n$3,196,622.00, and authorizes payment for services received and to be received under both\nModifications.\nSec. 3. Fiscal impact statement.\nThe Council adopts the fiscal impact statement of the Chief Financial Officer as the fiscal\nimpact statement required by section 602(c)(3) of the District of Columbia Home Rule Act,\napproved December 24, 1973 (87 Stat. 813; D.C. Official Code \u00a7 1-206.02(c)(3)).\nSec. 4. Effective date.\nThis act shall take effect following approval by the Mayor (or in the event of veto by the\nMayor, action by the Council to override the veto), and shall remain in effect for no longer than\n90 days, as provided for emergency acts of the Council of the District of Columbia in section\n412(a) of the District of Columbia Home Rule Act, approved December 24, 1973 (87 Stat. 788;\nD.C. Official Code \u00a7 1-204.12(a)).\n\nNot Codified\n\nModification\nNo. 8 and\nModification\nNo. 10 to\nContract No.\nDCKA-2010C-0206\nApproval and\nPayment\nAuthorization\nEmergency\nAct of 2013\n\n\f", 
  "end": "2638", 
  "name": "Act_20-244.pdf", 
  "title": "Modification No. 8 and Modification No. 10 to Contract No. Dcka-2010-C-0206 Approval and Payment Authorization Emergency Act of 2013"
}