{
  "start": "3864", 
  "text": "COUNCIL OF THE DISTRICT OF COLUMBIA\nD.C. Act 20-381, effective July 25, 2014 (Expiration date October 23, 2014)\n\n20 DCSTAT 3864\n\nAN ACT\n\nBill 20-862\nEmergency\nDeclaration\nRes. 20-559\n20 DCStat 3967\n\nTo approve, on an emergency basis, Contract No. PO-GF-2014-P-0001-DJ, including a modification,\nbetween the University of the District of Columbia and Human Circuit, Inc., for the high-definition\nupgrade of Cable TV 98 and to authorize payment in the amount of $1,028, 976. 38 for the\nservices received and to be received under the contract and modification.\n\nBE IT ENACTED BY THE COUNCIL OF THE DISTRICT OF COLUMBIA, That this\nact may be cited as the \u201cUniversity of the District of Columbia Contract No. PO-GF-2014-P0001-DJ, Including a Modification, Approval and Payment Authorization Emergency Act of\n2014\u201d.\n\nSec. 2. Pursuant to section 451 of the District of Columbia Home Rule Act, approved\nDecember 24, 1973 (87 Stat. 803; D.C. Official Code \u00a7 1-204.51), and notwithstanding the\nrequirements of section 202 of the Procurement Practices Reform Act of 2010, effective April 8,\n2011 (D.C. Law 18-371; D.C. Official Code \u00a7 2-352.02), the Council approves Contract No. POGF-2014-P-0001-DJ, including a modification, between the University of the District of\nColumbia and Human Circuit, Inc., for the high-definition upgrade of Cable TV 98, which was\ntransmitted to the Council by the University of the District of Columbia on June 24, 2014, and\nwhich is reflected in the transmitted contract and resolution adopted by the Board at a meeting on\nJune 3, 2014, and authorizes payment in the amount of $1,028, 976. 38 for the services received\nand to be received under the contract and modification\nSec. 3. Fiscal impact statement.\nThe Council adopts the fiscal impact statement of the Chief Financial Officer as the fiscal\nimpact statement required by section 602(c)(3) of the District of Columbia Home Rule Act,\napproved December 24, 1973 (87 Stat. 813; D.C. Official Code \u00a71-206.02(c)(3)).\nSec. 4. Effective date.\nThis act shall take effect following approval by the Mayor (or in the event of veto by the\nMayor, action by the Council to override the veto), and shall remain in effect for no longer than\n90 days, as provided for emergency acts of the Council of the District of Columbia in section\n412(a) of the District of Columbia Home Rule Act, approved December 24, 1973 (87 Stat. 788;\nD.C. Official Code \u00a7 1-204.12(a)).\n\nNot Codified\n\nUniversity of\nthe District of\nColumbia\nContract No.\nPO-GF-2014P-0001-DJ,\nIncluding a\nModification,\nApproval and\nPayment\nAuthorization\nEmergency\nAct of 2014\n\n\f", 
  "end": "3864", 
  "name": "Act_20-381.pdf", 
  "title": "University of the District of Columbia Contract No. PO-GF-2014-P-0001-DJ, Including a Modification, Approval and Payment Authorization Emergency Act of 2014"
}