{
  "end": "1432", 
  "name": "Act_20-77.pdf", 
  "start": "1432", 
  "text": "COUNCIL OF THE DISTRICT OF COLUMBIA\n20 DCSTAT 1432\nD.C. Act 20-77, effective June 14, 2013 (Expiration date September 12, 2013)\n\nAN ACT\n\nBill 20-213\nEmergency\nDeclaration\nRes. 20-148\n20 DCStat 1569\n\nTo approve, on an emergency basis, Contract No. DCHT-2012-C-0016 and Modification Nos. M0001,\nM0002, M0003, and M0004 to Contract No. DCHT-2012-C-0016 to manage and administer the\nDistrict\u2019s non-emergency transportation services program for the District\u2019s Medicaid eligible feefor service recipients and to authorize payment for the services received and to be received under\nthe contract.\n\nBE IT ENACTED BY THE COUNCIL OF THE DISTRICT OF COLUMBIA, That this\nact may be cited as the \u201cContract No. DCHT-2012-C-0016 and Modification Nos. M0001,\nM0002, M0003 and M0004 to Contract No. DCHT-2012-C-0016 Approval and Payment\nAuthorization Emergency Act of 2013\u201d.\n\nSec. 2. Pursuant to section 451 of the District of Columbia Home Rule Act, approved\nDecember 24, 1973 (87 Stat. 803; D.C. Official Code \u00a7 1-204.51), and notwithstanding the\nrequirements of section 202(a) of the Procurement Practices Reform Act of 2010, effective April\n8, 2011 (D.C. Law 18-371; D.C. Official Code \u00a7 2-352.02(a)), the Council approves Contract\nNo. DCHT-2012-C-0016 and Modification Nos. M0001, M0002, M0003, and M0004 to\nContract No. DCHT-2012-C-0016 to manage and administer the District\u2019s non-emergency\ntransportation services program for the District\u2019s Medicaid eligible fee-for service recipients and\nauthorizes payment in the amount of $11,474,704.00 for services received and to be received\nunder the contract.\nSec. 3. Fiscal impact statement.\nThe Council adopts the fiscal impact statement of the Chief Financial Officer as the fiscal\nimpact statement required by section 602(c)(3) of the District of Columbia Home Rule Act,\napproved December 24, 1973 (87 Stat. 813; D.C. Official Code \u00a7 1-206.02(c)(3)).\nSec. 4. Effective date.\nThis act shall take effect following approval by the Mayor (or in the event of veto by the\nMayor, action by the Council to override the veto), and shall remain in effect for no longer than\n90 days, as provided for emergency acts of the Council of the District of Columbia in section\n412(a) of the District of Columbia Home Rule Act, approved December 24, 1973 (87 Stat. 788;\nD.C. Official Code \u00a7 1-204.12(a)).\n\nNot Codified\n\nContract No.\nDCHT-2012C-0016 and\nModification\nNos. M0001,\nM0002,\nM0003 and\nM0004 to\nContract No.\nDCHT-2012C-0016\nApproval and\nPayment\nAuthorization\nEmergency\nAct of 2013\n\n\f", 
  "title": "Contract Number Dcht-2012-C-0016 and Modification Nos. M0001, M0002, M0003 and M0004 to Contract Number Dcht-2012-C-0016 Approval and Payment Authorization Emergency Act of 2013", 
  "council_period": "20"
}