{
  "end": "3888", 
  "name": "Act_20-408.pdf", 
  "start": "3888", 
  "text": "COUNCIL OF THE DISTRICT OF COLUMBIA\nD.C. Act 20-408, effective August 1, 2014 (Expiration date October 30, 2014)\n\n20 DCSTAT 3888\n\nAN ACT\n\nBill 20-865\nEmergency\nDeclaration\nRes. 20-560\n20 DCStat 3968\n\nTo approve, on an emergency basis, Modification No. 9 to Contract No. CFOPD-08-C-023 with\nCalvert Investment Distributors, Inc., to continue to provide plan management services for the\nDistrict of Columbia\u2019s 457 College Savings Plan to the Office of the Chief Financial Officer,\nOffice of Finance and Treasury, and to authorize payment for the services received and to be\nreceived under the contract.\n\nBE IT ENACTED BY THE COUNCIL OF THE DISTRICT OF COLUMBIA, That\nthis act may be cited as the \u201cContract No. CFOPD-08-C-023 Modification Approval and\nPayment Authorization Emergency Act of 2014\u201d.\n\nSec. 2. Pursuant to section 451 of the District of Columbia Home Rule Act, approved\nDecember 24, 1973 (87 Stat. 803; D.C. Official Code \u00a7 1-204.51), and notwithstanding the\nrequirements of section 202 of the Procurement Practices Reform Act of 2010, effective April 8,\n2011 (D.C. Law 18-371; D.C. Official Code \u00a7 2-352.02), the Council approves Modification\nNo. 9 to Contract No. CFOPD-08-C-023 with Calvert Investment Distributors, Inc., to continue\nto provide recordkeeping, administration, investment management, marketing, customer service,\nand custodial services for the District of Columbia\u2019s 457 College Savings Plan to the Office of\nthe Chief Financial Officer, Office of Finance and Treasury, and authorizes payment in the\namount of $4,166,668 for the services received and to be received under the contract from\nAugust 1, 2014, through June 30, 2015.\nSec. 3. Fiscal impact statement.\nThe Council adopts the fiscal impact statement of the Chief Financial Officer as the fiscal\nimpact statement required by section 602(c)(3) of the District of Columbia Home Rule Act,\napproved December 24, 1973 (87 Stat. 813; D.C. Official Code \u00a7 1-206.02(c)(3)).\nSec. 4. Effective date.\nThis act shall take effect following approval by the Mayor (or in the event of veto by the\nMayor, action by the Council to override the veto), and shall remain in effect for no longer than\n90 days, as provided for emergency acts of the Council of the District of Columbia in\nsection 412(a) of the District of Columbia Home Rule Act, approved December 24, 1973 (87\nStat. 788; D.C. Official Code \u00a7 1-204.12(a)).\n\nNot Codified\n\nContract No.\nCFOPD-08-C023\nModification\nApproval and\nPayment\nAuthorization\nEmergency\nAct of 2014\n\n\f", 
  "title": "Contract No. CFOPD-08-C-023 Approval and Payment Authorization Emergency Act of 2014", 
  "council_period": "20"
}