{
  "start": "3301", 
  "text": "COUNCIL OF THE DISTRICT OF COLUMBIA\nD.C. Act 20-318, effective April 28, 2014 (Expiration date July 27, 2014)\n\n20 DCSTAT 3301\n\nAN ACT\n\nBill 20-755\nEmergency\nDeclaration\nRes. 20-453\n20 DCStat 3387\n\nTo amend, on an emergency basis, the Day Care Policy Act of 1979 to permit more than 2 children under 2\nyears of age in a child development home with a ratio of one adult caregiver to 2 children under 2\nyears of age.\n\nBE IT ENACTED BY THE COUNCIL OF THE DISTRICT OF COLUMBIA, That this\nact may be cited as the \u201cChild Development Home License Emergency Amendment Act of\n2014\u201d.\n\nSec. 2. Section 2 of the Day Care Policy Act of 1979, effective September 19, 1979 (D.C.\nLaw 3-16; D.C. Official Code \u00a7 4-401), is amended as follows:\n(a) A new paragraph (1A) is added to read as follows:\n\u201c(1A) The term \u201cChild Development Associate credential\u201d means a credential\nrecognized by the Council for Professional Recognition and accepted by the Office of the State\nSuperintendent of Education to demonstrate competency as a caregiver for young children.\u201d.\n(b) Paragraph (3) is amended by striking the phrase \u201cno more than 2 children younger\nthan 2 years of age in the group.\u201d and inserting the phrase \u201ca ratio of one adult caregiver to 2\nchildren if there are 2 or more children younger than 2 years of age in the group; provided, that\neach adult caregiver possesses a post-secondary degree in early childhood education or a related\nfield as determined by the Office of the State Superintendent of Education, has a current Child\nDevelopment Associate (\u201cCDA\u201d) credential, is enrolled in a CDA training program, or can\nprovide evidence of enrollment in a CDA training program that will begin within 6 months of the\nfirst day of the adult caregiver\u2019s work with children at the child development home.\u201d in its place.\nSec. 3. Fiscal impact statement.\nThe Council adopts the fiscal impact statement of the Budget Director as the fiscal impact\nstatement required by section 602(c)(3) of the District of Columbia Home Rule Act, approved\nDecember 24, 1973 (87 Stat. 813; D.C. Official Code \u00a7 1-206.02(c)(3)).\nSec. 4. Effective date.\nThis act shall take effect following approval by the Mayor (or in the event of veto by the\nMayor, action by the Council to override the veto), and shall remain in effect for no longer than\n90 days, as provided for emergency acts of the Council of the District of Columbia in section\n\nCodification\nDistrict of\nColumbia\nOfficial Code\n2001 Edition\nChild\nDevelopment\nHome License\nEmergency\nAmendment\nAct of 2014\n\nNote,\n\u00a7 4-401\n\n\fCOUNCIL OF THE DISTRICT OF COLUMBIA\nD.C. Act 20-318, effective April 28, 2014 (Expiration date July 27, 2014)\n\n20 DCSTAT 3302\n\n412(a) of the District of Columbia Home Rule Act, approved December 24, 1973 (87 Stat. 788;\nD.C. Official Code \u00a7 1-204.12(a)).\n\n\f", 
  "end": "3302", 
  "name": "Act_20-318.pdf", 
  "title": "Child Development Home License Amendment Emergency Act of 2014"
}