{
  "start": "3069", 
  "text": "COUNCIL OF THE DISTRICT OF COLUMBIA\nD.C. Act 20-301, effective March 21, 2014 (Expiration date June 19, 2014)\n\n20 DCSTAT 3069\n\nAN ACT\n\nBill 20-691\nEmergency\nDeclaration\nRes. 20-431\n20 DCStat 3130\n\nTo approve, on an emergency basis, Modification Nos. 11 and 12 of Contract No. CFOPD-11-C-026 with\nKPMG LLP to continue to provide single audit services to the Office of the Chief Financial\nOfficer and to authorize payment for the services received and to be received under the contract.\n\nBE IT ENACTED BY THE COUNCIL OF THE DISTRICT OF COLUMBIA, That\nthis act may be cited as the \u201cContract No. CFOPD-11-C-026 Modifications Approval and\nPayment Authorization Emergency Act of 2014\u201d.\n\nSec. 2. Pursuant to section 451 of the District of Columbia Home Rule Act, approved\nDecember 24, 1973 (87 Stat. 803; D.C. Official Code \u00a7 1-204.51), and notwithstanding the\nrequirements of section 202 of the Procurement Practices Reform Act of 2010, effective April 8,\n2011 (D.C. Law 18-371; D.C. Official Code \u00a7 2-352.02), the Council approves Modification\nNos. 11 and 12 of Contract No. CFOPD-11-C-026 with KPMG LLP to provide single audit\nservices to the Office of the Chief Financial Officer and authorizes payment in the amount of\n$1,568,629 for the services received and to be received under the contract from February 4,\n2014, through February 5, 2015.\nSec. 3. Fiscal impact statement.\nThe Council adopts the fiscal impact statement of the Chief Financial Officer as the fiscal\nimpact statement required by section 602(c)(3) of the District of Columbia Home Rule Act,\napproved December 24, 1973 (87 Stat. 813; D.C. Official Code \u00a7 1-206.02(c)(3)).\nSec. 4. Effective date.\nThis act shall take effect following approval by the Mayor (or in the event of veto by the\nMayor, action by the Council to override the veto), and shall remain in effect for no longer than\n90 days, as provided for emergency acts of the Council of the District of Columbia in\nsection 412(a) of the District of Columbia Home Rule Act, approved December 24, 1973 (87\nStat. 788; D.C. Official Code \u00a7 1-204.12(a)).\n\nNot codified\n\nContract No.\nCFOPD-11-C026\nModifications\nApproval and\nPayment\nAuthorization\nEmergency\nAct of 2014\n\n\f", 
  "end": "3069", 
  "name": "Act_20-301.pdf", 
  "title": "Contract No. CFOPD-11-C-026 Approval and Payment Authorization Emergency Act of 2014"
}