{
  "start": "3870", 
  "text": "COUNCIL OF THE DISTRICT OF COLUMBIA\nD.C. Act 20-391, effective July 29, 2014 (Expiration date October 27, 2014)\n\n20 DCSTAT 3870\n\nAN ACT\n\nBill 20-850\nEmergency\nDeclaration\nRes. 20-581\n20 DCStat 4000\n\nTo approve, on an emergency basis, Contract No. GAGA-2013-C-0010 with Teach Plus, Inc., to implement\nthe Teachers Turnaround Teams Initiative, and to authorize payment for the goods and services\nreceived and to be received under the contract.\n\nBE IT ENACTED BY THE COUNCIL OF THE DISTRICT OF COLUMBIA, That this\nact may be cited as the \u201cContract No. GAGA-2013-C-0010 Approval and Payment\nAuthorization Emergency Act of 2014\u201d.\n\nSec. 2. Pursuant to section 451 of the District of Columbia Home Rule Act, approved\nDecember 24, 1973 (87 Stat. 803; D.C. Official Code \u00a7 1-204.51), and notwithstanding the\nrequirements of section 202 of the Procurement Practices Reform Act of 2010, effective April 8,\n2011 (D.C. Law 18-371; D.C. Official Code \u00a7 2-352.02), the Council approves Contract No.\nGAGA-2013-C-0010 with Teach Plus, Inc., and authorizes payments in an amounts of\n$1,398,187 for goods and services received under the base term and option year one of the\ncontract for the period from June 3, 2013, through June 30, 2014, and $1,191,873 for goods and\nservices received and to be received for the option year two from July 1, 2014, through June 30,\n2015.\nSec. 3. Fiscal impact statement.\nThe Council adopts the fiscal impact statement of the Chief Financial Officer as the fiscal\nimpact statement required by section 602(c)(3) of the District of Columbia Home Rule Act,\napproved December 24, 1973 (87 Stat. 813; D.C. Official Code \u00a7 1-206.02(c)(3)).\nSec. 4. Effective date.\nThis act shall take effect following approval by the Mayor (or in the event of veto by the\nMayor, action by the Council to override the veto), and shall remain in effect for no longer than\n90 days, as provided for emergency acts of the Council of the District of Columbia in section\n412(a) of the District of Columbia Home Rule Act, approved December 24, 1973 (87 Stat. 788;\nD.C. Official Code \u00a7 1-204.12(a)).\n\nNot Codified\n\nContract No.\nGAGA-2013C-0010\nApproval and\nPayment\nAuthorization\nEmergency\nAct of 2014\n\n\f", 
  "end": "3870", 
  "name": "Act_20-391.pdf", 
  "title": "Contract No. GAGA-2013-C-0010 Approval and Payment Authorization Emergency Act of 2014"
}