{
  "end": "2606", 
  "name": "Act_20-216.pdf", 
  "start": "2606", 
  "text": "COUNCIL OF THE DISTRICT OF COLUMBIA\n20 DCSTAT 2606\nD.C. Act 20-216, effective November 23, 2013 (Expiration date January 5, 2014)\n\nAN ACT\n\nBill 20-551\nEmergency\nDeclaration\nRes. 20-315\n20 DCStat 2729\n\nTo amend, on an emergency basis, due to Congressional review, the Washington Metropolitan Area Transit\nAuthority Board of Directors Act of 2012 to change the initial appointment date of the Board of\nDirectors appointments from July 1, 2013, to January 2, 2014.\n\nBE IT ENACTED BY THE COUNCIL OF THE DISTRICT OF COLUMBIA, That this\nact may be cited as the \u201cWashington Metropolitan Area Transit Authority Board of Directors\nCongressional Review Emergency Amendment Act of 2013\u201d.\n\nSec. 2. Section 2(b)(1) of the Washington Metropolitan Area Transit Authority Board of\nDirectors Act of 2012, effective April 27, 2012 (D.C. Law 19-286; D.C. Official Code \u00a7 91108.11(b)(1)), is amended by striking the phrase \u201cJuly 1, 2013\u201d and inserting the phrase\n\u201cJanuary 2, 2014\u201d in its place.\nSec. 3. Applicability.\nThis act shall apply as of October 7, 2013.\nSec. 4. Fiscal impact statement.\nThe Council adopts the fiscal impact statement of the Budget Director as the fiscal impact\nstatement required by section 602(c)(3) of the District of Columbia Home Rule Act, approved\nDecember 24, 1973 (87 Stat. 813; D.C. Official Code \u00a7 1-206.02(c)(3)).\nSec. 5. Effective date.\nThis act shall take effect following approval by the Mayor (or in the event of veto by the\nMayor, action by the Council to override the veto), and shall remain in effect for no longer than\n90 days, as provided for emergency acts of the Council of the District of Columbia in section\n412(a) of the District of Columbia Home Rule Act, approved December 24, 1973 (87 Stat. 788;\nD.C. Official Code \u00a7 1-204.12(a)).\n\nCodification\nDistrict of\nColumbia\nOfficial Code\n2001 Edition\nWashington\nMetropolitan\nArea Transit\nAuthority\nBoard of\nDirectors\nCongressional\nReview\nEmergency\nAmendment\nAct of 2013\nNote,\n\u00a7 9-1108.11\n\nApplicable as\nof October 7,\n2013\n\n\f", 
  "title": "Washington Metropolitan Area Transit Authority Board of Directors Congressional Review Emergency Amendment Act of 2013", 
  "council_period": "20"
}