{
  "end": "4466", 
  "name": "Act_20-547.pdf", 
  "start": "4465", 
  "text": "COUNCIL OF THE DISTRICT OF COLUMBIA\n20 DCSTAT 4465\nD.C. Act 20-547, effective December 29, 2014 (Expiration date March 29, 2015)\n\nAN ACT\n\nBill 20-1060\nEmergency\nDeclaration\nRes. 20-745\n20 DCStat 4664\n\nTo approve, on an emergency basis, the disposition of District-owned real property, located at the\nnortheast corner of 19th Street, S.E., and Massachusetts Avenue, S.E., and known for tax and\nassessment purposes as Parcels F-1 and G-1 in Square E-1112.\n\nBE IT ENACTED BY THE COUNCIL OF THE DISTRICT OF COLUMBIA, That this\nact may be cited as the \u201cHill East Redevelopment \u2013 Phase 1: Parcels F-1 and G-1 Disposition\nApproval Emergency Act of 2014\u201d.\n\nSec. 2. Definitions.\nFor the purposes of this act, the term:\n(1) \u201cCBE Agreement\u201d means an agreement with the District governing certain\nobligations of the Purchaser or the Developer under the Small, Local, and Disadvantaged\nBusiness Enterprise Development and Assistance Act of 2005, effective October 20, 2005 (D.C.\nLaw 16-33; D.C. Official Code \u00a7 2-218.01 et seq.) (\u201cCBE Act\u201d), including the equity and\ndevelopment participation requirements set forth in section 2349a of the CBE Act.\n(2) \u201cCertified Business Enterprise\u201d means a business enterprise or joint venture\ncertified pursuant to the Small, Local and Disadvantaged Business Enterprise Development and\nAssistance Act of 2005, effective October 20, 2005 (D.C. Law 16-33; D.C. Official Code \u00a7 2218.01 et seq.).\n(3) \u201cFirst Source Agreement\u201d means an agreement with the District governing\ncertain obligations of the Purchaser or the Developer pursuant to section 4 of the First Source\nEmployment Agreement Act of 1984, effective June 29, 1984 (D.C. Law 5-93; D.C. Official\nCode \u00a7 2-219.03), and Mayor\u2019s Order 83-265, issued November 9, 1983, regarding job creation\nand employment generated as a result of the construction on the Property.\n(4) \u201cProperty\u201d means the real property located at the northeast corner of 19th\nStreet, S.E., and Massachusetts Avenue, S.E., and known for tax and assessment purposes as\nParcels F-1 and G-1 in Square E-1112.\n(5) \u201cTransferee\u201d means the Developer, its successor, or one of its affiliates or\nassignees approved by the Mayor.\nSec. 3. Findings.\n(a) The Developer of the Property will be Donatelli Development, with a business\naddress of 4416 East West Highway, Suite 410 Bethesda, MD 20814, and Blue Skye\n\nNot Codified\n\nHill East\nRedevelopment\n\u2013 Phase 1:\nParcels F-1 and\nG-1 Disposition\nApproval\nEmergency Act\nof 2014\n\n\fCOUNCIL OF THE DISTRICT OF COLUMBIA\n20 DCSTAT 4466\nD.C. Act 20-547, effective December 29, 2014 (Expiration date March 29, 2015)\n\nDevelopment, with a business address of 5101 MacArthur Boulevard, N.W., Washington, D.C.\n20016 (the \u201cDeveloper\u201d).\n(b) The Property is located at the northeast corner of 19th Street, S.E., and Massachusetts\nAvenue, S.E., and consists of approximately 114,042 square feet of land.\n(c) The intended use of the Property (the \u201cProject\u201d) is a mixed-use residential and retail\ndevelopment and any ancillary uses allowed under applicable law.\n(d) The Project will contain affordable housing as described in the term sheet submitted\nwith this act.\n(e) The Transferee shall enter into a CBE Agreement with the District. The CBE\nAgreement shall require the Transferee to, at a minimum, contract with Certified Business\nEnterprises for at least 35% of the contract dollar volume of the Project, and shall require at least\n20% equity and 20% development participation of Certified Business Enterprises.\n(f) The Transferee shall enter into a First Source Agreement with the District.\n(g) Pursuant to An Act Authorizing the sale of certain real estate in the District of\nColumbia no longer required for public purposes, approved August 5, 1939 (53 Stat. 1211; D.C.\nOfficial Code \u00a7 10-801 et seq.) (\u201cAct\u201d), the proposed method of disposition is a public or private\nsale to the bidder providing the most benefit to the District under section 1(b)(8)(F) of the Act.\n(h) All documents that are submitted with this act pursuant to section 1(b-1) of the Act\nshall be consistent with the executed Memorandum of Understanding or term sheet transmitted\nto the Council pursuant to section 1(b-1)(2) of the Act.\nSec. 4. Approval of disposition.\n(a) Pursuant to section 1(b) and (b-1) of the Act, the Mayor transmitted to the Council a\nrequest for approval of the disposition of the Property to the Transferee.\n(b) The Council approves the disposition of the Property.\nSec. 5. Fiscal impact statement.\nThe Council adopts the fiscal impact statement of the Chief Financial Officer as the fiscal\nimpact statement required by section 602(c)(3) of the District of Columbia Home Rule Act,\napproved December 24, 1973 (87 Stat. 813; D.C. Official Code \u00a7 1-206.02(c)(3)).\nSec. 6. Effective date.\nThis act shall take effect following approval by the Mayor (or in the event of veto by the\nMayor, action by the Council to override the veto), and shall remain in effect for no longer than\n90 days, as provided for emergency acts of the Council of the District of Columbia in section\n412(a) of the District of Columbia Home Rule Act, approved December 24, 1973 (87 Stat. 788;\nD.C. Official Code \u00a7 1-204.12(a)).\n\n\f", 
  "title": "Hill East Redevelopment \u2013 Phase 1: Parcels F-1 and G-1 Disposition Approval Emergency Act of 2014", 
  "council_period": "20"
}