{
  "start": "3342", 
  "text": "COUNCIL OF THE DISTRICT OF COLUMBIA\nD.C. Act 20-350, effective June 17, 2014 (Expiration date September 8, 2014)\n\n20 DCSTAT 3342\n\nAN ACT\n\nBill 20-812\nEmergency\nDeclaration\nRes. 20-484\n20 DCStat 3432\n\nTo amend, on an emergency basis, due to congressional review, the District of Columbia Traffic Act, 1925,\nto clarify the requirements for receipt of a limited purpose driver\u2019s license, permit, or\nidentification card.\n\nBE IT ENACTED BY THE COUNCIL OF THE DISTRICT OF COLUMBIA, That this\nact may be cited as the \u201cDriver\u2019s Safety Clarification Congressional Review Emergency\nAmendment Act of 2014\u201d.\n\nSec. 2. Section 8c(a)(2) of the District of Columbia Traffic Act, 1925, effective January\n17, 2014 (D.C. Law 20-62; D.C. Official Code \u00a7 50-1401.05(a)(2)), is amended to read as\nfollows:\n\u201c(2)(A) Has not been assigned a social security number;\n\u201c(B) Has been assigned a social security number but cannot establish legal\npresence in the United States at the time of application; or\n\u201c(C) Is ineligible to obtain a social security number; and\u201d.\nSec. 3. Applicability.\nThis act shall apply as of June 10, 2014.\nSec. 4. Fiscal impact statement.\nThe Council adopts the fiscal impact statement of the Chief Financial Officer as the fiscal\nimpact statement required by section 602(c)(3) of the District of Columbia Home Rule Act,\napproved December 24, 1973 (87 Stat. 813; D.C. Official Code \u00a7 1-206.02(c)(3)).\nSec. 5. Effective date.\nThis act shall take effect following approval by the Mayor (or in the event of veto by the\nMayor, action by the Council to override the veto), and shall remain in effect for no longer than\n90 days, as provided for emergency acts of the Council of the District of Columbia in section\n412(a) of the District of Columbia Home Rule Act, approved December 24, 1973 (87 Stat. 788;\nD.C. Official Code \u00a7 1-204.12(a)).\n\nCodification\nDistrict of\nColumbia\nOfficial Code\n2001 Edition\nDriver\u2019s\nSafety\nClarification\nCongressional\nReview\nEmergency\nAmendment\nAct of 2014\nNote,\n\u00a7 50-1401.05\n\n\f", 
  "end": "3342", 
  "name": "Act_20-350.pdf", 
  "title": "Driver Safety Clarification Congressional Review Emergency Amendment Act of 2014"
}