{
  "start": "1414", 
  "text": "COUNCIL OF THE DISTRICT OF COLUMBIA\n20 DCSTAT 1414\nD.C. Act 20-65, effective May 11, 2013 (Expiration date August 9, 2013)\n\nAN ACT\n\nBill 20-254\nEmergency\nDeclaration\nRes. 20-109\n20 DCStat 1496\n\nTo amend, on an emergency basis, the School Transit Subsidy Act of 1978 to clarify that foster youth are\neligible for the foster youth transit subsidy program for educational and employment purposes\nuntil they reach the age of 21 years.\n\nBE IT ENACTED BY THE COUNCIL OF THE DISTRICT OF COLUMBIA, That this\nact may be cited as the \u201cFoster Youth Transit Subsidy Emergency Amendment Act of 2013\u201d.\nSec. 2. Section 2 of the School Transit Subsidy Act of 1978, effective March 3, 1979\n(D.C. Law 2-152; D.C. Official Code \u00a7 35-233), is amended as follows:\n(a) Subsection (c) is amended as follows:\n(1) Paragraph (2) is amended by striking the semicolon and inserting the\nphrase \u201c; and\u201d in its place.\n(2) Paragraph (3) is amended by striking the phrase \u201c; and\u201d and inserting a\nperiod in its place.\n(3) Paragraph (4) is repealed.\n(b) A new subsection (f) is added to read as follows:\n\u201c(f)(1) Youth in the District's foster care system shall be eligible for a foster youth transit\nsubsidy program (\u201cProgram\u201d) as established by the Mayor until they reach 21 years of age.\n\u201c(2) The Program shall allow qualified foster youth to travel on Metrobus,\nMetrorail, and other public transportation services offered by the District at subsidized or\nreduced fares.\n\u201c(3) The subsidized or reduced foster youth fare established pursuant to this\nsubsection shall be valid only for the transportation of foster youth for educational and\nemployment purposes.\u201d.\nSec. 3. Fiscal impact statement.\nThe Council adopts the fiscal impact statement of the Budget Director as the fiscal impact\nstatement required by section 602(c)(3) of the District of Columbia Home Rule Act, approved\nDecember 24, 1973 (87 Stat. 813; D.C. Official Code \u00a7 1-206.02(c)(3)).\n\nCodification\nDistrict of\nColumbia\nOfficial Code\n2001 Edition\nFoster Youth\nTransit\nSubsidy\nEmergency\nAmendment\nAct of 2013\nNote,\n\u00a7 35-233\n\n\fCOUNCIL OF THE DISTRICT OF COLUMBIA\n20 DCSTAT 1415\nD.C. Act 20-65, effective May 11, 2013 (Expiration date August 9, 2013)\n\nSec. 4. Effective date.\nThis act shall take effect following approval by the Mayor (or in the event of veto by the\nMayor, action by the Council to override the veto), and shall remain in effect for no longer than\n90 days, as provided for emergency acts of the Council of the District of Columbia in section\n412(a) of the District of Columbia Home Rule Act, approved December 24, 1973 (87 Stat. 788;\nD.C. Official Code \u00a7 1-204.12(a)).\n\n\f", 
  "end": "1415", 
  "name": "Act_20-65.pdf", 
  "title": "Foster Youth Transit Subsidy Emergency Amendment Act of 2013"
}