{
  "start": "2423", 
  "text": "COUNCIL OF THE DISTRICT OF COLUMBIA\n20 DCSTAT 2423\nD.C. Act 20-171, effective September 30, 2013 (Expiration date December 16, 2013)\n\nAN ACT\n\nBill 20-447\nEmergency\nDeclaration\nRes. 20-272\n20 DCStat 2659\n\nTo amend, on an emergency basis, due to Congressional review, the Vending Regulation Act of 2009 to\nallow the Council to vote to approve in whole or in part the proposed regulations for that act.\n\nBE IT ENACTED BY THE COUNCIL OF THE DISTRICT OF COLUMBIA, That this\nact may be cited as the \u201cVending Regulation Congressional Review Emergency Amendment Act\nof 2013\u201d.\n\nSec. 2. Section 11 of the Vending Regulation Act of 2009, effective October 22, 2009\n(D.C. Law 18-71; D.C. Official Code \u00a7 37-131.10), is amended by striking the phrase \u201cproposed\nrules, by resolution,\u201d and inserting the phrase \u201cproposed rules, in whole or in part, by resolution\u201d\nin its place.\nSec. 3. Applicability.\nThis act shall apply as of September 17, 2013.\nSec.4. Fiscal impact statement.\nThe Council adopts the fiscal impact statement of the Budget Director as the fiscal impact\nstatement required by section 602(c)(3) of the District of Columbia Home Rule Act, approved\nDecember 24, 1973 (87 Stat. 813; D.C. Official Code \u00a7 1-206.02(c)(3)).\nSec. 5. Effective date.\nThis act shall take effect following approval by the Mayor (or in the event of veto by the\nMayor, action by the Council to override the veto), and shall remain in effect for no longer than\n90 days, as provided for emergency acts of the Council of the District of Columbia in section\n\nCodification\nDistrict of\nColumbia\nOfficial Code\n2001 Edition\n\nVending\nRegulation\nCongressional\nReview\nEmergency\nAmendment\nAct of 2013\n\nNote,\n\u00a7 37-131.10\n\nApplicable as\nof September\n17, 2013\n\n\fCOUNCIL OF THE DISTRICT OF COLUMBIA\n20 DCSTAT 2424\nD.C. Act 20-171, effective September 30, 2013 (Expiration date December 16, 2013)\n\n412(a) of the District of Columbia Home Rule Act, approved December 24, 1973 (87 Stat. 788;\nD.C. Official Code \u00a7 1-204.12(a)).\n\n\f", 
  "end": "2424", 
  "name": "Act_20-171.pdf", 
  "title": "Vending Regulation Congressional Review Emergency Amendment Act of 2013"
}