{
  "start": "2602", 
  "text": "COUNCIL OF THE DISTRICT OF COLUMBIA\n20 DCSTAT 2602\nD.C. Act 20-213, effective November 20, 2013 (Expiration date February 18, 2014)\n\nAN ACT\n\nBill 20-522\nEmergency\nDeclaration\nRes. 20-339\n20 DCStat 2771\n\nTo approve, on an emergency basis, Contract No. DCHT-2013-C-0135 with Delmarva Foundation for\nMedical Care, Inc., to conduct utilization reviews of health care services provided to the District\u2019s\nMedicaid recipients and to authorize payment for the services received under the contract.\n\nBE IT ENACTED BY THE COUNCIL OF THE DISTRICT OF COLUMBIA, That this\nact may be cited as the \u201cContract No. DCHT-2013-C-0135 Approval and Payment Authorization\nEmergency Act of 2013\u201d.\n\nSec. 2. Pursuant to section 451 of the District of Columbia Home Rule Act, approved\nDecember 24, 1973 (87 Stat. 803; D.C. Official Code \u00a7 1-204.51), and notwithstanding the\nrequirements of section 202(a) of the Procurement Practices Reform Act of 2010, effective April\n8, 2011 (D.C. Law 18-371; D.C. Official Code \u00a7 2-352.02(a)), the Council approves Contract\nNo. DCHT-2013-C-0135 with Delmarva Foundation for Medical Care, Inc., to conduct\nutilization reviews of health care services provided to the District\u2019s Medicaid recipients and\nauthorizes payment in the amount of $1,174,626.98 for services received under that contract for\nthe period from May 1, 2013 through July 31, 2013.\nSec. 3. Fiscal impact statement.\nThe Council adopts the fiscal impact statement of the Chief Financial Officer as the fiscal\nimpact statement required by section 602(c)(3) of the District of Columbia Home Rule Act,\napproved December 24, 1973 (87 Stat. 813; D.C. Official Code \u00a7 1-206.02(c)(3)).\nSec. 4. Effective date.\nThis act shall take effect following approval by the Mayor (or in the event of veto by the\nMayor, action by the Council to override the veto), and shall remain in effect for no longer than\n90 days, as provided for emergency acts of the Council of the District of Columbia in section\n412(a) of the District of Columbia Home Rule Act, approved December 24, 1973 (87 Stat. 788;\nD.C. Official Code \u00a7 1-204.12(a)).\n\nNot Codified\n\nContract No.\nDCHT-2013C-0135\nApproval and\nPayment\nAuthorization\nEmergency\nAct of 2013\n\n\f", 
  "end": "2602", 
  "name": "Act_20-213.pdf", 
  "title": "Contract No. DCHT-2013-C-0135 Approval and Payment Authorization Emergency Act of 2013"
}