{
  "end": "1405", 
  "name": "Act_20-56.pdf", 
  "start": "1405", 
  "text": "COUNCIL OF THE DISTRICT OF COLUMBIA\nD.C. Act 20-56 effective April 23, 2013 (Expiration date July 21, 2013)\n\n20 DCSTAT 1405\n\nAN ACT\n\nBill 20-210\nEmergency\nDeclaration\nRes. 20-87\n20 DCStat 1473\n\nTo amend, on an emergency basis, due to Congressional review, section 47-4654 of the District of\nColumbia Official Code to extend the real property exemption of certain properties owned by\nBeulah Baptist Church of Deanwood Heights, the Beulah Community Improvement Association,\nand the Dix Street Corridor Senior Housing, LP, from September 30, 2010 through September 30,\n2020.\n\nBE IT ENACTED BY THE COUNCIL OF THE DISTRICT OF COLUMBIA, That this\nact may be cited as the \u201cBeulah Baptist Church Real Property Equitable Tax Relief\nCongressional Review Emergency Act of 2013\u201d.\n\nSec. 2. Section 47-4654(d) of the District of Columbia Official Code is amended by\nstriking the phrase \u201cSeptember 30, 2010.\u201d and inserting the phrase \u201cSeptember 30, 2020, and any\nreal property taxes, interest, penalties, fees, or other related charges assessed, as of the effective\ndate of this act, against this real property with respect to this period are forgiven and any\npayment already made shall be refunded.\u201d in its place.\nSec. 3. Applicability.\nThis act shall apply as of April 22, 2013.\nSec. 4. Fiscal impact statement.\nThe Council adopts the fiscal impact statement of the Budget Director as the fiscal impact\nstatement required by section 602(c)(3) of the District of Columbia Home Rule Act, approved\nDecember 24, 1973 (87 Stat. 813; D.C. Official Code \u00a7 1-206.02(c)(3)).\nSec. 5. Effective date.\nThis act shall take effect following approval by the Mayor (or in the event of veto by the\nMayor, action by the Council to override the veto), and shall remain in effect for no longer than\n90 days, as provided for emergency acts of the Council of the District of Columbia in section\n412(a) of the District of Columbia Home Rule Act, approved December 24, 1973 (87 Stat. 788;\nD.C. Official Code \u00a7 1-204.12(a)).\n\nCodification\nDistrict of\nColumbia\nOfficial Code\n2001 Edition\n\nBeulah\nBaptist\nChurch Real\nProperty\nEquitable Tax\nRelief\nCongressional\nReview\nEmergency\nAct of 2013\nNote,\n\u00a7 47-4654\n\nApplicable as\nof April 22,\n2013\n\n\f", 
  "title": "Beulah Baptist Church Real Property Equitable Tax Relief Congressional Review Emergency Act of 2013", 
  "council_period": "20"
}