{
  "end": "3063", 
  "name": "Act_20-296.pdf", 
  "start": "3063", 
  "text": "COUNCIL OF THE DISTRICT OF COLUMBIA\nD.C. Act 20-296, effective March 14, 2014 (Expiration date June 12, 2014)\n\n20 DCSTAT 3063\n\nAN ACT\n\nBill 20-686\nEmergency\nDeclaration\nRes. 20-427\n20 DCStat 3124\n\nTo approve, on an emergency basis, Modifications Nos. 16 and 17 to Contract No. CFOPD-08-C-048\nwith RSI Solutions, Inc. to continue to provide technical support personnel and eTaxpayer\nService Center rental/hosting in support of the Integrated Tax System of the District of Columbia\ngovernment and to authorize payment for the services received and to be received under the\ncontract modifications.\n\nBE IT ENACTED BY THE COUNCIL OF THE DISTRICT OF COLUMBIA, That\nthis act may be cited as the \u201cContract No. CFOPD-08-C-048 Contract Modifications Approval\nand Payment Authorization Emergency Act of 2014\u201d.\n\nSec. 2. Pursuant to section 451 of the District of Columbia Home Rule Act, approved\nDecember 24, 1973 (87 Stat. 803; D.C. Official Code \u00a7 1-204.51), and notwithstanding the\nrequirements of section 202 of the Procurement Practices Reform Act of 2010, effective April 8,\n2011 (D.C. Law 18-371; D.C. Official Code \u00a7 2-352.02), the Council approves Modifications\nNos. 16 and 17 to Contract No. CFOPD-08-C-048 with RSI Solutions, Inc. to provide technical\nsupport personnel and eTaxpayer Service Center rental/hosting in support of the Integrated Tax\nSystem of the District of Columbia government and authorizes payment in the amount of\n$2,014,064.26 for the services received under the contract modifications from February 1,\n2014, through August 1, 2014.\nSec. 3. Fiscal impact statement.\nThe Council adopts the fiscal impact statement of the Chief Financial Officer as the\nfiscal impact statement required by section 602(c)(3) of the District of Columbia Home Rule\nAct, approved December 24, 1973 (87 Stat. 813; D.C. Official Code \u00a7 1-206.02(c)(3)).\nSec. 4. Effective date.\nThis act shall take effect following approval by the Mayor (or in the event of veto by the\nMayor, action by the Council to override the veto), and shall remain in effect for no longer than\n90 days, as provided for emergency acts of the Council of the District of Columbia in\nsection 412(a) of the District of Columbia Home Rule Act, approved December 24, 1973 (87\nStat. 788; D.C. Official Code \u00a7 1-204.12(a)).\n\nNot codified\n\nContract No.\nCFOPD-08-C048 Contract\nModifications\nApproval and\nPayment\nAuthorization\nEmergency\nAct of 2014\n\n\f", 
  "title": "Contract No. CFOPD-08-C-048 Contract Modifications Approval and Payment Authorization Emergency Act of 2014", 
  "council_period": "20"
}