{
  "start": "3024", 
  "text": "COUNCIL OF THE DISTRICT OF COLUMBIA\nD.C. Act 20-261, effective January 2, 2014 (Expiration date April 2, 2014)\n\n20 DCSTAT 3024\n\nAN ACT\n\nBill 20-612\nEmergency\nDeclaration\nRes. 20- 379\n20 DCStat 3079\n\nTo amend, on an emergency basis, the Firearms Control Regulations Act of 1975 to extend to January 1,\n2016, the date for implementation of the microstamping requirement for semiautomatic pistols.\n\nBE IT ENACTED BY THE COUNCIL OF THE DISTRICT OF COLUMBIA, That this\nact may be cited as the \u201cMicrostamping Implementation Emergency Amendment Act of 2013\u201d.\n\nSec. 2. The Firearms Control Regulations Act of 1975, effective September 24, 1976\n(D.C. Law 1-85; D.C. Official Code \u00a7 7-2501.01 et seq.), is amended as follows:\n(a) Section 408(b) (D.C. Official Code \u00a7 7-2504.08(b)) is amended by striking the phrase\n\u201cJanuary 1, 2014\u201d wherever it appears and inserting the phrase \u201cJanuary 1, 2016\u201d in its place.\n(b) Section 503 (D.C. Official Code \u00a7 7-2505.03) is amended by striking the phrase\n\u201cJanuary 1, 2014\u201d wherever it appears and inserting the phrase \u201cJanuary 1, 2016\u201d in its place.\nSec. 3. Fiscal impact statement.\nThe Council adopts the fiscal impact statement of the Budget Director as the fiscal impact\nstatement required by section 602(c)(3) of the District of Columbia Home Rule Act, approved\nDecember 24, 1973 (87 Stat. 813; D.C. Official Code \u00a7 1-206.02(c)(3)).\nSec. 4. Effective date.\nThis act shall take effect following approval by the Mayor (or in the event of veto by the\nMayor, action by the Council to override the veto), and shall remain in effect for no longer than\n90 days, as provided for emergency acts of the Council of the District of Columbia in section\n412(a) of the District of Columbia Home Rule Act, approved December 24, 1973 (87 Stat. 788;\nD.C. Official Code \u00a7 1-204.12(a)).\n\nCodification\nDistrict of\nColumbia\nOfficial Code\n2001 Edition\nMicrostamping\nImplementation\nEmergency\nAmendment Act\nof 2013\n\nNote,\n\u00a7 7-2504.08\nNote,\n\u00a7 7-2505.03\n\n\f", 
  "end": "3024", 
  "name": "Act_20-261.pdf", 
  "title": "Microstamping Implementation Emergency Amendment Act of 2013"
}