{
  "start": "2405", 
  "text": "COUNCIL OF THE DISTRICT OF COLUMBIA\n20 DCSTAT 2405\nD.C. Act 20-162, effective September 26, 2013 (Expiration date December 25, 2013)\n\nAN ACT\n\nBill 20-376\nEmergency\nDeclaration\nRes. 20-282\n20 DCStat 2674\n\nTo approve, on an emergency basis, modifications to Contract No. DCFL-2006-D-0011 with ARAMARK\nCorrectional Services, LLC to provide the food service programs at the District\u2019s Central\nDetention and Correctional Treatment Facilities and to authorize payment for the services\nreceived under the contract.\n\nBE IT ENACTED BY THE COUNCIL OF THE DISTRICT OF COLUMBIA, That this\nact may be cited as the \u201cContract No. DCFL-2006-D-0011 Modifications Approval and Payment\nAuthorization Emergency Act of 2013\u201d.\n\nSec. 2. Pursuant to section 451 of the District of Columbia Home Rule Act, approved\nDecember 24, 1973 (87 Stat. 803; D.C. Official Code \u00a7 1-204.51), and notwithstanding the\nrequirements of section 202(a) of the Procurement Practices Reform Act of 2010, effective April\n8, 2011 (D.C. Law 18-371; D.C. Official Code \u00a7 2-352.02(a)), the Council approves\nModification Nos. 10, 11, 14, 15, 17, 18, and 19 to Contract No. DCFL-2006-D-0011 with\nARAMARK Correctional Services, LLC to provide the food service programs at the District\u2019s\nCentral Detention and Correctional Treatment Facilities and authorizes payment in the total\namount of $3,538,678.16 for services received under that contract.\nSec. 3. Fiscal impact statement.\nThe Council adopts the fiscal impact statement of the Chief Financial Officer as the fiscal\nimpact statement required by section 602(c)(3) of the District of Columbia Home Rule Act,\napproved December 24, 1973 (87 Stat. 813; D.C. Official Code \u00a7 1-206.02(c)(3)).\nSec. 4. Effective date.\nThis act shall take effect following approval by the Mayor (or in the event of veto by the\nMayor, action by the Council to override the veto), and shall remain in effect for no longer than\n90 days, as provided for emergency acts of the Council of the District of Columbia in section\n412(a) of the District of Columbia Home Rule Act, approved December 24, 1973 (87 Stat. 788;\nD.C. Official Code \u00a7 1-204.12(a)).\n\nNot Codified\n\nContract No.\nDCFL-2006D-0011\nModifications\nApproval and\nPayment\nAuthorization\nEmergency\nAct of 2013\n\n\f", 
  "end": "2405", 
  "name": "Act_20-162.pdf", 
  "title": "Contract No. Dcfl-2006-D-0011 Modifications Approval and Payment Authorization Emergency Act of 2013"
}