{
  "start": "306", 
  "text": "COUNCIL OF THE DISTRICT OF COLUMBIA\n20 DCSTAT 306\nD.C. Act 19-594, effective January 10, 2013 (Expiration date April 10, 2013)\n\nAN ACT\n\nBill 19-1055\nEmergency\nDeclaration\nRes. 19-769\n20 DCStat 584\n\nTo approve, on an emergency basis, Modification Nos. M0004 and M0005 to Contract Number DCAM2011-C-0115 to provide biodiesel fuel to designated District fuel sites as needed, and to authorize\npayment for services received and to be received under the contract.\n\nBE IT ENACTED BY THE COUNCIL OF THE DISTRICT OF COLUMBIA, That this\nact may be cited as the \u201cModification No. M0004 and Modification No. M0005 to Contract\nNumber DCAM-2011-C-0115 Approval and Payment Authorization Emergency Act of 2012\u201d.\n\nSec. 2. Pursuant to section 451 of the District of Columbia Home Rule Act, approved\nDecember 24, 1973 (87 Stat. 803; D.C. Official Code \u00a7 1-204.51), and notwithstanding the\nrequirements of section 202 of the Procurement Practices Reform Act of 2010, effective April 8,\n2011 (D.C. Law 18-371; D.C. Official Code \u00a7 2-352.02), the Council approves Modification No.\nM0004, for the period of October 28, 2012, through December 31, 2012, and Modification No.\nM0005, for the period of October 1, 2011, through September 30, 2012, to contract DCAM2011-C-0115 to provide biodiesel fuel to designated District fuel sites and authorizes payment in\nthe amount of $5,890,730.00 for services received and to be received under the contract.\nSec. 3. Fiscal impact statement.\nThe Council adopts the fiscal impact statement of the Chief Financial Officer as the fiscal\nimpact statement required by section 602(c)(3) of the District of Columbia Home Rule Act,\napproved December 24, 1973 (87 Stat. 813; D.C. Official Code \u00a7 1-206.02(c)(3)).\nSec. 4. Effective date.\nThis act shall take effect following approval by the Mayor (or in the event of veto by the\nMayor, action by the Council to override the veto), and shall remain in effect for no longer than\n90 days, as provided for emergency acts of the Council of the District of Columbia in section\n412(a) of the District of Columbia Home Rule Act, approved December 24, 1973 (87 Stat. 788;\nD.C. Official Code \u00a7 1-204.12(a)).\n\nNot Codified\n\nModification\nNo. M0004\nand\nModification\nNo. M0005 to\nContract\nNumber\nDCAM-2011C-0115\nApproval and\nPayment\nAuthorization\nEmergency\nAct of 2012\n\n\f", 
  "end": "306", 
  "name": "Act_19-594.pdf", 
  "title": "Modification No. M0004 and Modification No. M0005 to Contract Number DCAM-2011-C-0115 Approval and Payment Authorization Emergency Act of 2012"
}