{
  "end": "2631", 
  "name": "Act_20-229.pdf", 
  "start": "2630", 
  "text": "COUNCIL OF THE DISTRICT OF COLUMBIA\n20 DCSTAT 2630\nD.C. Act 20-229, effective November 29, 2013 (Expiration date February 27, 2014)\n\nAN ACT\n\nBill 20-556\nEmergency\nDeclaration\nRes. 20-330\n20 DCStat 2759\n\nTo amend, on an emergency basis, the District of Columbia Administrative Procedure Act to exempt from\ndisclosure certain critical infrastructure information.\n\nBE IT ENACTED BY THE COUNCIL OF THE DISTRICT OF COLUMBIA, That\nthis act may be cited as the \u201cCritical Infrastructure Freedom of Information Emergency\nAmendment Act of 2013\u201d.\n\nSec. 2. Title II of the District of Columbia Administrative Procedure Act, effective\nMarch 25, 1977 (D.C. Law 1-96; D. C. Official Code \u00a7 2-531 et seq.), is amended as follows:\n(a) Section 204(a) (D.C. Official Code \u00a7 2-534(a)) is amended as follows:\n(1) Paragraph (13) is amended by striking the word \u201cand\u201d.\n(2) Paragraph (14) is amended by striking the period and inserting the phrase \u201c;\nand\u201d in its place.\n(3) A new paragraph (15) is added to read as follows:\n\u201c(15) Any critical infrastructure information or plans that contain critical\ninfrastructure information for the critical infrastructures of companies that are regulated by the\nPublic Service Commission of the District of Columbia.\u201d.\n(b) The text of section 209 (D.C. Official Code \u00a7 2-539) is amended to read as follows:\n\u201cFor purposes of this title:\n\u201c(1) The terms \"Mayor,\" \"Council,\" \"District,\" \"agency,\" \"rule,\" \"rulemaking,\"\n\"person,\" \"party,\" \"order,\" \"relief,\" \"proceeding,\" \"public record,\" and \"adjudication\" shall have\nthe meanings provided in section 102.\n\u201c(2) The term \u201ccritical infrastructure\u201d means existing and proposed infrastructure\nsystems and assets, whether physical or virtual, so vital to the District of Columbia or the United\nStates that the incapacity or destruction of such infrastructure system or asset could jeopardize\nthe physical security, economic security, health, safety, or welfare of the public.\n\u201c(3) The term \u201ccritical infrastructure information\u201d means information not\ncustomarily in the public domain that is related to the security of critical infrastructure of\ncompanies that are regulated by the Public Service Commission of the District of Columbia\nincluding:\n\nCodification\nDistrict of\nColumbia\nOfficial Code\n2001 Edition\nCritical\nInfrastructure\nFreedom of\nInformation\nEmergency\nAmendment\nAct of 2013\n\nNote,\n\u00a7 2-534\n\nNote,\n\u00a7 2-539\n\n\fCOUNCIL OF THE DISTRICT OF COLUMBIA\n20 DCSTAT 2631\nD.C. Act 20-229, effective November 29, 2013 (Expiration date February 27, 2014)\n\n\u201c(A) Actual, potential, or threatened interference with, attack on,\ncompromise of, or incapacitation of critical infrastructure or protected systems by either physical\nor computer-based attack or similar conduct (including the misuse of or unauthorized access to\nall types of communications and data transmission systems) that violates Federal or District law,\nharms interstate commerce of the United States or the economy of the District of Columbia, or\nthreatens public health or safety;\n\u201c(B) The ability of any critical infrastructure or protected system to resist\nsuch interference, compromise, or incapacitation, including any planned or past assessment,\nprojection, or estimate of the vulnerability of critical infrastructure or a protected system,\nincluding security testing, risk evaluation, risk management planning, or risk audit; or\n\u201c(C) Any planned or past operational problem or solution regarding\ncritical infrastructure or protected systems, including repair, recovery, reconstruction, insurance,\nor continuity, to the extent it is related to such interference, compromise, or incapacitation.\u201d.\nSec. 3. Paragraph 32 of section 8 of An Act Making appropriations to provide for the\nexpenses of the government of the District of Columbia for the fiscal year ending June thirtieth,\nnineteen hundred and fourteen, and for other purposes, approved March 24, 1913 (37 Stat. 982;\nD.C. Official Code \u00a7 34-902), is amended as follows:\n(a) The existing text is designated as subsection (a).\n(b) A new subsection (b) is added to read as follows:\n\u201c(b) The Commission shall publish rules and regulations for the administration of the\nprovisions of section 204(a)(15)of the District of Columbia Administrative Procedure Act,\neffective March 25, 1977 (D.C. Law 1-96; D.C. Official Code \u00a7 2-534(a)(15)).\u201d.\nSec. 4. Fiscal impact statement.\nThe Council adopts the fiscal impact statement of the Chief Financial Officer as the fiscal\nimpact statement required by section 602(c)(3) of the District of Columbia Home Rule Act,\napproved December 24, 1973 (87 Stat. 813; D.C. Official Code \u00a7 1-206.02(c)(3)).\nSec. 5. Effective date.\nThis act shall take effect following approval by the Mayor (or in the event of veto by the\nMayor, action by the Council to override the veto), and shall remain in effect for no longer than\n90 days, as provided for emergency acts of the Council of the District of Columbia in section\n412(a) of the District of Columbia Home Rule Act, approved December 24, 1973 (87 Stat. 788;\nD.C. Official Code \u00a7 1-204.12(a).\n\nNote,\n\u00a7 34-902\n\n\f", 
  "title": "Critical Infrastructure Freedom of Information Emergency Amendment Act of 2013", 
  "council_period": "20"
}