{
  "end": "2429", 
  "name": "Act_20-175.pdf", 
  "start": "2429", 
  "text": "COUNCIL OF THE DISTRICT OF COLUMBIA\nD.C. Act 20-175, effective October 4, 2013 (Expiration date January 2, 2014)\n\n20 DCSTAT 2429\n\nAN ACT\n\nBill 20-427\nEmergency\nDeclaration\nRes. 20-303\n20 DCStat 2706\n\nTo approve, on an emergency basis, Modification to Delivery Order No. DCAM-2010-T-4007 under\nfederal Contract No. SP0600-10-D-4007 to provide and deliver fuel to various District locations\nand to authorize payment for the goods received and to be received under that delivery order.\n\nBE IT ENACTED BY THE COUNCIL OF THE DISTRICT OF COLUMBIA, That this\nact may be cited as the \u201cModification to Delivery Order No. DCAM-2010-T-4007 under Federal\nContract No. SP0600-10-D-4007 Approval and Payment Authorization Emergency Act of\n2013\u201d.\n\nSec. 2. Pursuant to section 451 of the District of Columbia Home Rule Act, approved\nDecember 24, 1973 (87 Stat. 803; D.C. Official Code \u00a7 1-204.51), and notwithstanding the\nrequirements of section 202 of the Procurement Practices Reform Act of 2010, effective April 8,\n2011 (D.C. Law 18-371; D.C. Official Code \u00a7 2-352.02), the Council approves the Modification\nto Delivery Order No. DCAM-2010-T-4007 with Fannon Petroleum Services, Inc., to provide\nfuel and authorizes payment in the estimated amount of $22,603,881.21 for goods received and\nto be received under that order.\nSec. 3. Fiscal impact statement.\nThe Council adopts the fiscal impact statement of the Chief Financial Officer as the fiscal\nimpact statement required by section 602(c)(3) of the District of Columbia Home Rule Act,\napproved December 24, 1973 (87 Stat. 813; D.C. Official Code \u00a7 1-206.02(c)(3)).\nSec. 4. Effective date.\nThis act shall take effect following approval by the Mayor (or in the event of veto by the\nMayor, action by the Council to override the veto), and shall remain in effect for no longer than\n90 days, as provided for emergency acts of the Council of the District of Columbia in section\n412(a) of the District of Columbia Home Rule Act, approved December 24, 1973 (87 Stat. 788;\nD.C. Official Code \u00a7 1-204.12(a)).\n\nNot Codified\n\nModification\nto Delivery\nOrder No.\nDCAM-2010T-4007 under\nFederal\nContract No.\nSP0600-10-D4007\nApproval and\nPayment\nAuthorization\nEmergency\nAct of 2013\n\n\f", 
  "title": "Modification to Delivery Order No. Dcam-2010-T-4007 Under Federal Contract No. Sp0600-10-D-4007 Approval and Payment Authorization Emergency Act of 2013", 
  "council_period": "20"
}