{
  "end": "3052", 
  "name": "Act_20-282.pdf", 
  "start": "3051", 
  "text": "COUNCIL OF THE DISTRICT OF COLUMBIA\nD.C. Act 20-282, effective February 20, 2014 (Expiration date May 21, 2014)\n\n20 DCSTAT 3051\n\nAN ACT\n\nBill 20-656\nEmergency\nDeclaration\nRes. 20-414\n20 DCStat 3110\n\nTo amend, on an emergency basis, the Procurement Practices Reform Act of 2010 to exempt from the act\nthe procurements of goods and services directly related to the production of permanent supportive\nhousing units for which the District has obligated funding and procurements by the District of\nColumbia Health Benefit Exchange Authority and Captive Insurance Agency, to clarify the\napplicability of Council review for certain contracts as required by the District of Columbia Home\nRule Act, and to make technical changes; and to amend the Health Benefit Exchange Authority\nEstablishment Act of 2011 to make conforming amendments and require publication of the\nprocurement policies and procedures of the District of Columbia Health Benefit Exchange\nAuthority.\n\nBE IT ENACTED BY THE COUNCIL OF THE DISTRICT OF COLUMBIA, That this\nact may be cited as the \u201cProcurement Practices Reform Exemption Emergency Amendment Act\nof 2014\u201d.\n\nSec. 2. The Procurement Practices Reform Act of 2010, effective April 8, 2011 (D.C.\nLaw 18-371; D.C. Official Code \u00a7 2-351.01 et seq.), is amended as follows:\n(a) Section 105(c) (D.C. Official Code \u00a7 2-351.05(c)) is amended as follows:\n(1) The lead-in language is amended by striking the phrase \"This act\" and\ninserting the phrase \"This act, except for section 202,\" in its place.\n(2) Paragraph (14) is amended by striking the word \u201cand\u201d after the semicolon.\n(3) Paragraph (15) is amended by striking the period at the end and inserting a semicolon\nin its place.\n(4) New paragraphs (16) through (18) are added to read as follows:\n\u201c(16) The procurement of goods and services directly related to the production of\npermanent supportive housing units for which the District has obligated funding pursuant to an\nagreement between any combination of the following agencies:\n\u201c(A) District of Columbia Department of Housing and Community\nDevelopment;\n\u201c(B) District of Columbia Housing Finance Agency;\n\u201c(C) District of Columbia Housing Authority;\n\u201c(D) Department of Human Services;\n\u201c(E) Department of Behavioral Health; and\n\u201c(F) Any other agency that has entered into an agreement with any of the\nagencies listed in subparagraphs (A) through (E) of this paragraph directly related to the\nproduction of permanent supportive housing;\n\nCodification\nDistrict of\nColumbia\nOfficial Code\n2001 Edition\n\nProcurement\nPractices\nReform\nExemption\nEmergency\nAmendment\nAct of 2014\n\nNote,\n\u00a7 2-351.05\n\n\fCOUNCIL OF THE DISTRICT OF COLUMBIA\nD.C. Act 20-282, effective February 20, 2014 (Expiration date May 21, 2014)\n\n20 DCSTAT 3052\n\n\u201c(17) District of Columbia Health Benefit Exchange Authority; and\n\u201c(18) Captive Insurance Agency.\u201d.\n(b) Section 201 (D.C. Official Code \u00a7 2-352.01) is amended as follows:\n(1) Subsection (a) is amended as follows:\n(A) Paragraph (2) is repealed.\n(B) Paragraph (3)(B) is amended by striking the word \u201cMental\u201d and\ninserting the word \u201cBehavioral\u201d in its place.\n(2) Subsection (b)(7) is repealed.\nSec. 3. The Health Benefit Exchange Authority Establishment Act of 2011, effective\nMarch 2, 2012 (D.C. Law 19-94; D.C. Official Code \u00a7 31-3171.01 et seq.), is amended as\nfollows:\n(a) Section 5(a)(5) (D.C. Official Code \u00a7 31-3171.04(a)(5)) is amended by striking the\nphrase \u201cconsistent with\u201d and inserting the phrase \u201cand shall not be subject to\u201d in its place.\n(b) Section 7(f) (D.C. Official Code \u00a7 31-3171.06(f)) is amended by striking the phrase\n\"policies and procedures\" and inserting the phrase \"policies and procedures, which shall be made\npublicly accessible on the Authority\u2019s website and published in the District of Columbia\nRegister,\" in its place.\nSec. 4. Fiscal impact statement.\nThe Council adopts the fiscal impact statement in the committee report for the\nProcurement Practices Reform Exemption Amendment Act of 2014, signed by the Mayor on\nJanuary 23, 2014 (D.C. Act 20-271), as the fiscal impact statement required by section 602(c)(3)\nof the District of Columbia Home Rule Act, approved December 24, 1973 (87 Stat. 813; D. C.\nOfficial Code \u00a7 1-206.02(c)(3)).\nSec. 5. Effective date.\nThis act shall take effect following approval by the Mayor (or in the event of veto by the\nMayor, action by the Council to override the veto), and shall remain in effect for no longer than\n90 days, as provided for emergency acts of the Council of the District of Columbia in section\n412(a) of the District of Columbia Home Rule Act, approved December 24, 1973 (87 Stat. 788;\nD.C. Official Code \u00a7 1-204.12(a)).\n\nNote,\n\u00a7 2-352.01\n\nNote,\n\u00a7 31-3171.04\nNote,\n\u00a7 31-3171.06\n\n\f", 
  "title": "Procurement Practices Reform Exemption Emergency Amendment Act of 2014", 
  "council_period": "20"
}