{
  "start": "3341", 
  "text": "COUNCIL OF THE DISTRICT OF COLUMBIA\n20 DCSTAT 3341\nD.C. Act 20-349, effective June 17, 2014 (Expiration date September 15, 2014)\n\nAN ACT\n\nBill 20-816\nEmergency\nDeclaration\nRes. 20-499\n20 DCStat 3471\n\nTo amend, on an emergency basis, the Retail Electric Competition and Consumer Protection Act of 1999 to\nprohibit the electric company from disconnecting residential electric service when the heat index\nis forecasted to be 95 degrees Fahrenheit or above.\n\nBE IT ENACTED BY THE COUNCIL OF THE DISTRICT OF COLUMBIA, That this\nact may be cited as the \u201cHeat Wave Safety Emergency Amendment Act of 2014\u201d.\n\nSec. 2. The Retail Electric Competition and Consumer Protection Act of 1999, effective\nMay 9, 2000 (D.C. Law 13-107; D.C. Official Code \u00a7 34-1501 et seq.), is amended by adding a\nnew section 106a to read as follows:\n\u201cSec. 106a. Disconnection of service in extreme temperature prohibited.\n\u201c(a) For the purposes of this section, the term \u201cforecast of extreme temperature\u201d means a\nNational Weather Service forecast that the heat index for the District of Columbia will be 95\ndegrees Fahrenheit or above at any time during a day.\n\u201c(b) The electric company shall not disconnect residential electric service during the day\npreceding, and the day of, a forecast of extreme temperature. If the forecast of extreme\ntemperature precedes a holiday or weekend day, the electric company shall not disconnect\nresidential electric service on any day during the holiday or weekend.\u201d.\nSec. 3. Fiscal impact statement.\nThe Council adopts the fiscal impact statement of the Budget Director as the fiscal impact\nstatement required by section 602(c)(3) of the District of Columbia Home Rule Act, approved\nDecember 24, 1973 (87 Stat. 813; D.C. Official Code \u00a7 1-206.02 (c))(3)).\nSec. 4. Effective date.\nThis act shall take effect following approval by the Mayor (or in the event of veto by the\nMayor, action by the Council to override the veto), and shall remain in effect for no longer than\n90 days, as provided for emergency acts of the Council of the District of Columbia in section\n412(a) of the District of Columbia Home Rule Act, approved December 24, 1973 (87 Stat. 788;\nD.C. Official Code \u00a7 1-204.12(a)).\n\nCodification\nDistrict of\nColumbia\nOfficial Code\n2001 Edition\nHeat Wave\nSafety\nEmergency\nAmendment\nAct of 2014\n\nNote,\n\u00a7 34-1506\n\n\f", 
  "end": "3341", 
  "name": "Act_20-349.pdf", 
  "title": "Heat Wave Safety Emergency Amendment Act of 2014"
}