{
  "start": "2450", 
  "text": "COUNCIL OF THE DISTRICT OF COLUMBIA\n20 DCSTAT 2450\nD.C. Act 20-200, effective October 17, 2013 (Expiration date January 15, 2014)\n\nAN ACT\n\nBill 20-490\nEmergency\nDeclaration\nRes. 20- 311\n20 DCStat 2724\n\nTo approve, on an emergency basis, Delivery Order No. CW23328 under federal Contract No. SP0600-13D-4016 to provide and deliver fuel to various District locations and to authorize payment for the\ngoods received and to be received under that delivery order.\n\nBE IT ENACTED BY THE COUNCIL OF THE DISTRICT OF COLUMBIA, That this\nact may be cited as the \u201cDelivery Order No. CW23328 under Federal Contract No. SP0600-13D-4016 Approval and Payment Authorization Emergency Act of 2013\u201d.\n\nSec. 2. Pursuant to section 451 of the District of Columbia Home Rule Act, approved\nDecember 24, 1973 (87 Stat. 803; D.C. Official Code \u00a7 1-204.51), and notwithstanding the\nrequirements of section 202 of the Procurement Practices Reform Act of 2010, effective April 8,\n2011 (D.C. Law 18-371; D.C. Official Code \u00a7 2-352.02), the Council approves Delivery Order\nNo. CW23328 with Fannon Petroleum Services, Inc., to provide fuel and authorizes payment in\nthe estimated amount of $30,542,841.60, for goods received and to be received under that order.\nSec. 3. Fiscal impact statement.\nThe Council adopts the fiscal impact statement of the Chief Financial Officer as the fiscal\nimpact statement required by section 602(c)(3) of the District of Columbia Home Rule Act,\napproved December 24, 1973 (87 Stat. 813; D.C. Official Code \u00a7 1-206.02(c)(3)).\nSec. 4. Effective date.\nThis act shall take effect following approval by the Mayor (or in the event of veto by the\nMayor, action by the Council to override the veto), and shall remain in effect for no longer than\n90 days, as provided for emergency acts of the Council of the District of Columbia in section\n412(a) of the District of Columbia Home Rule Act, approved December 24, 1973 (87 Stat. 788;\nD.C. Official Code \u00a7 1-204.12(a)).\n\nNot Codified\n\nDelivery\nOrder No.\nCW23328\nunder Federal\nContract No.\nSP0600-13-D4016\nApproval and\nPayment\nAuthorization\nEmergency\nAct of 2013\n\n\f", 
  "end": "2450", 
  "name": "Act_20-200.pdf", 
  "title": "Delivery Order Cw23328 Under Federal Contract No. Sp0600-13-D-4016 Approval and Payment Authorization Emergency Act of 2013"
}