{
  "end": "3035", 
  "name": "Act_20-275.pdf", 
  "start": "3035", 
  "text": "COUNCIL OF THE DISTRICT OF COLUMBIA\nD.C. Act 20-275, effective February 19, 2014 (Expiration date May 20, 2014)\n\n20 DCSTAT 3035\n\nAN ACT\n\nBill 20-655\nEmergency\nDeclaration\nRes. 20-422\n20 DCStat 3120\n\nTo approve, on an emergency basis, Modification No. 3 to Contract No. CW23183 with General Services,\nInc., for the construction of the Fort Reno Salt Dome and to authorize payment for goods and\nservices received and to be received under the contract.\n\nBE IT ENACTED BY THE COUNCIL OF THE DISTRICT OF COLUMBIA, That this\nact may be cited as the \u201cModification to Contract No. CW23183 Approval and Payment\nAuthorization Emergency Act of 2014\u201d.\n\nSec. 2. Pursuant to section 451 of the District of Columbia Home Rule Act, approved\nDecember 24, 1973 (87 Stat. 803; D.C. Official Code \u00a7 1-204.51), and notwithstanding the\nrequirements of section 202 of the Procurement Practices Reform Act of 2010, effective April 8,\n2011 (D.C. Law 18-371; D.C. Official Code \u00a7 2-352.02), the Council approves Modification\nNo. 3 to Contract No. CW23183 with General Services, Inc., for construction of the Fort Reno\nSalt Dome and authorizes payment in the amount of $1,404,611.10 for services received and to\nbe received under the contract.\nSec. 3. Fiscal impact statement.\nThe Council adopts the fiscal impact statement of the Chief Financial Officer as the fiscal\nimpact statement required by section 602(c)(3) of the District of Columbia Home Rule Act,\napproved December 24, 1973 (87 Stat. 813; D.C. Official Code \u00a7 1-206.02(c)(3)).\nSec. 4. Effective date.\nThis act shall take effect following approval by the Mayor (or in the event of veto by the\nMayor, action by the Council to override the veto), and shall remain in effect for no longer than\n90 days, as provided for acts of the Council of the District of Columbia in section 412(a) of the\nDistrict of Columbia Home Rule Act, approved December 24, 1973 (87 Stat. 788; D.C. Official\nCode \u00a7 1-204.12(a)).\n\nNot codified\n\nModification\nto Contract\nNo. CW23183\nApproval and\nPayment\nAuthorization\nEmergency\nAct of 2014\n\n\f", 
  "title": "Modification to Contract No. CW23183 Approval and Payment Authorization Emergency Act of 2014", 
  "council_period": "20"
}