{
  "start": "3882", 
  "text": "COUNCIL OF THE DISTRICT OF COLUMBIA\nD.C. Act 20-402, effective August 1, 2014 (Expiration date October 30, 2014)\n\n20 DCSTAT 3882\n\nAN ACT\n\nBill 20-841\nEmergency\nDeclaration\nRes. 20-551\n20 DCStat 3952\n\nTo approve, on an emergency basis, Change Orders Nos. 002 through 004 to Contract No. DCAM-12-CS0176 between the District of Columbia government and The Whiting-Turner Contracting\nCompany for design-build services for the Barry Farm Recreation Center, and to authorize\npayment to The Whiting-Turner Contracting Company in the aggregate amount of $2,242,106 for\nthe goods and services received and to be received under these change orders.\n\nBE IT ENACTED BY THE COUNCIL OF THE DISTRICT OF COLUMBIA, That this\nact may be cited as the \u201cChange Orders Nos. 002 through 004 to Contract No. DCAM-12-CS0176 Approval and Payment Authorization Emergency Act of 2014\u201d.\nSec. 2. Pursuant to section 451 of the District of Columbia Home Rule Act, approved\nDecember 24, 1973 (87 Stat. 803; D.C. Official Code \u00a7 1-204.51), and notwithstanding the\nrequirements of section 202(a) of the Procurement Practices Reform Act of 2010, effective April\n8, 2011 (D.C. Law 18-371; D.C. Official Code \u00a7 2-352.02(a)), the Council approves Change\nOrders Nos. 002 through 004 to Contract No. DCAM-12-CS-0176 with The Whiting-Turner\nContracting Company for design-build services for the Barry Farm Recreation Center, in the\naggregate amount of $2,242,106, and authorizes payment for the goods and services received and\nto be received under these change orders.\nSec. 3. Fiscal impact statement.\nThe Council adopts the fiscal statement of the Chief Financial Officer as the fiscal impact\nstatement required by section 602(c)(3) of the District of Columbia Home Rule Act, approved\nDecember 24, 1973 (87 Stat. 813; D.C. Official Code \u00a7 1-206.02(c)(3)).\nSec. 4. Effective date.\nThis act shall take effect following approval by the Mayor (or in the event of veto by the\nMayor, action by the Council to override the veto), and shall remain in effect for no longer than\n90 days, as provided for emergency acts of the Council of the District of Columbia in section\n412(a) of the District of Columbia Home Rule Act, approved December 24, 1973 (87 Stat. 788;\nD.C. Official Code \u00a7 1-204.12(a)).\n\nNot Codified\n\nChange\nOrders Nos.\n002 through\n004 to\nContract No.\nDCAM-12CS-0176\nApproval and\nPayment\nAuthorization\nEmergency\nAct of 2014\n\n\f", 
  "end": "3882", 
  "name": "Act_20-402.pdf", 
  "title": "Change Orders No. 002 through No. 004 to Contract DCAM-12-CS-0176 Approval and Payment Authorization Emergency Act of 2014"
}