{
  "start": "1401", 
  "text": "COUNCIL OF THE DISTRICT OF COLUMBIA\nD.C. Act 20-53, effective April 17, 2013 (Expiration date July 16, 2013)\n\n20 DCSTAT 1401\n\nAN ACT\n\nBill 20-10\nEmergency\nDeclaration\nRes. 20-101\n20 DCStat 1488\n\nTo amend, on an emergency basis, the Department of Health Functions Clarification Act of 2001 to\nauthorize the Director of the Department of Health to award grants in fiscal year 2013 or clinical\nnutritional home delivery services for individuals living with cancer and other life-threatening\ndiseases, ambulatory health services, poison control hotline and prevention education services,\noperations and primary care services for school-based health clinics, and a teen pregnancy\nprevention program.\n\nCodification\nDistrict of\nColumbia\nOfficial Code\n2001 Edition\n\nBE IT ENACTED BY THE COUNCIL OF THE DISTRICT OF COLUMBIA, That this\nact may be cited as the \"Department of Health Grant-Making Authority Emergency Amendment\nAct of 2013\".\n\nDepartment of\nHealth GrantMaking\nAuthority\nEmergency\nAmendment\nAct of 2013\n\nSec. 2. Section 4907a of the Department of Health Functions Clarification Act of 2001,\neffective March 3, 2010 (D.C. Law 18-111; D.C. Official Code \u00a7 7-736.01), is amended by\nadding new subsections (c), (d), and (e) to read as follows:\n\u201c(c) For fiscal year 2013, the Director of the Department of Health shall have the\nauthority to issue grants to qualified community organizations for the purpose of providing the\nfollowing services:\n\u201c(1) Clinical nutritional home delivery services for individuals living with cancer\nand other life-threatening diseases;\n\u201c(2) Ambulatory health services for an amount not to exceed $3,239,980;\n\u201c(3) Poison control hotline and prevention education services for an amount not\nto exceed $350,000;\n\u201c(4) Operations and primary care services for school-based health clinics for an\namount not to exceed $1,350,000; and\n\u201c(5) A teen pregnancy prevention program for an amount not to exceed\n$500,000.\n\u201c(d) Any grant in excess of $250,000 issued pursuant to subsection (c) of this section\nshall be awarded through a competitive process unless otherwise authorized under law.\n\u201c(e) The Department of Health shall submit a quarterly report to the Council on all grants\nissued pursuant to the authority granted in subsection (c) of this section.\u201d.\nSec. 3. Fiscal impact statement.\nThe Council adopts the fiscal impact statement of the Chief Financial Officer as the fiscal\nimpact statement required by section 602(c)(3) of the District of Columbia Home Rule Act,\napproved December 24, 1973 (87 Stat. 813; D.C. Official Code \u00a7 1-206.02(c)(3)).\n\nNote,\n\u00a7 7-736.01\n\n\fCOUNCIL OF THE DISTRICT OF COLUMBIA\nD.C. Act 20-53, effective April 17, 2013 (Expiration date July 16, 2013)\n\n20 DCSTAT 1402\n\nSec. 4. Effective date.\nThis act shall take effect following approval by the Mayor, (or in the event of veto by the\nMayor, action by the Council to override the veto), and shall remain in effect for no longer than\n90 days, as provided for emergency acts of the Council of the District of Columbia in section\n412(a) of the District of Columbia Home Rule Act, approved December 24, 1973 (87 Stat. 788;\nD.C. Official Code \u00a7 1-204.12(a)).\n\n\f", 
  "end": "1402", 
  "name": "Act_20-53.pdf", 
  "title": "Department of Health Grant Making Authority Emergency Amendment Act of 2013"
}