{
  "end": "3351", 
  "name": "Act_20-360.pdf", 
  "start": "3351", 
  "text": "COUNCIL OF THE DISTRICT OF COLUMBIA\n20 DCSTAT 3351\nD.C. Act 20-360, effective June 18, 2014 (Expiration date September 16, 2014)\n\nAN ACT\n\nBill 20-806\nEmergency\nDeclaration\nRes. 20- 507\n20 DCStat 3483\n\nTo approve, on an emergency basis, Modification Nos. 10 and 10A to Contract No. DCKA-2011-C-0026 to\nParkmobile USA, Inc. for providing services that allow residents and tourists to participate in the\nDistrict\u2019s Cellular Phone Payment Method for Digital Parking Meters using credit and debit\ncards and smart phone apps and to authorize payment for services received and to be received\nunder the modifications.\n\nBE IT ENACTED BY THE COUNCIL OF THE DISTRICT OF COLUMBIA, That this\nact may be cited as the \u201cModification Nos.10 and 10A to Contract No. DCKA-2011-C-0026\nApproval and Payment Authorization Emergency Act of 2014\u201d.\n\nSec. 2. Pursuant to section 451 of the District of Columbia Home Rule Act, approved\nDecember 24, 1973 (87 Stat. 803; D.C. Official Code \u00a7 1-204.51), and notwithstanding the\nrequirements of section 202 of the Procurement Practices Reform Act of 2010, effective April 8,\n2011 (D.C. Law 18-371; D.C. Official Code \u00a7 2-352.02), the Council approves Modification\nNos. 10 and 10A to Contract No. DCKA-2011-C-0026 to Parkmobile USA, Inc for providing\nservices that allow residents and tourists to participate in the District\u2019s Cellular Phone Payment\nMethod for Digital Parking Meters using credit and debit cards and smart phone apps, and\nauthorizes payment in the amount of $4,363,360 for the services received and to be received\nunder the modifications.\nSec. 3. Fiscal impact statement.\nThe Council adopts the fiscal impact statement of the Chief Financial Officer as the fiscal\nimpact statement required by section 602(c)(3) of the District of Columbia Home Rule Act,\napproved December 24, 1973 (87 Stat. 813; D.C. Official Code \u00a7 1-206.02(c)(3)).\nSec. 4. Effective date.\nThis act shall take effect following approval by the Mayor (or in the event of veto by the\nMayor, action by the Council to override the veto), and shall remain in effect for no longer than\n90 days, as provided for emergency acts of the Council of the District of Columbia in section\n412(a) of the District of Columbia Home Rule Act, approved December 24, 1973 (87 Stat. 788;\nD.C. Official Code \u00a7 1-204.12(a)).\n\nNot Codified\n\nModification\nNos.10 and\n10A to\nContract No.\nDCKA-2011C-0026\nApproval and\nPayment\nAuthorization\nEmergency\nAct of 2014\n\n\f", 
  "title": "Modification Nos. 10 and 10A to Contract No. DCKA-2011-C-0026 Approval and Payment Authorization Emergency Act of 2014", 
  "council_period": "20"
}