{
  "start": "4356", 
  "text": "COUNCIL OF THE DISTRICT OF COLUMBIA\n20 DCSTAT 4356\nD.C. Act 20-454, effective October 21, 2014 (Expiration date January 19, 2015)\n\nAN ACT\n\nBill 20-944\nEmergency\nDeclaration\nRes. 20-630\n20 DCStat 4534\n\nTo approve, on an emergency basis, Option Year One of Contract No. DCHBX-2013-C-0001 with Maximus\nHealth Services, Inc., to design, implement, and operate the District of Columbia Exchange\nContact Center (\u201cECC\u201d) with a robust capability to provide consumers with over-the-phone and\nweb-based services for Medicaid and private health insurance, and small business (\u201cSHOP\u201d)\nhealth insurance eligibility, enrollment, and related assistance using the new District of Columbia\nAccess System (\u201cDCAS\u201d).\n\nBE IT ENACTED BY THE COUNCIL OF THE DISTRICT OF COLUMBIA, That this\nact may be cited as the \u201cContract No. DCHBX 2013-C-0001 Option Year One Approval and\nPayment Authorization Emergency Act of 2014\u201d.\nSec. 2. Pursuant to section 451 of the District of Columbia Home Rule Act, approved\nDecember 24, 1973 (87 Stat. 803; D.C. Official Code \u00a7 1-204.51), and notwithstanding the\nrequirements of section 202(a) of the Procurement Practices Reform Act of 2010, effective April\n8, 2011 (D.C. Law 18-371; D.C. Official Code \u00a7 2-352.02(a)), the Council approves Option Year\nOne to Contract No. DCHBX 2013-C-0001 between the Health Benefit Exchange Authority and\nMaximus Health Services, Inc., to design, implement, and operate the District\u2019s ECC with a\nrobust capability to provide consumers with over-the-phone and web-based services for\nMedicaid and private health insurance, and SHOP health insurance eligibility, enrollment, and\nrelated assistance using the new DCAS and authorizes payment not to exceed $5,834,148 for\nservices received under the option year.\nSec. 3. Fiscal impact statement.\nThe Council adopts the fiscal impact statement of the Chief Financial Officer as the fiscal\nimpact statement required by section 602(c)(3) of the District of Columbia Home Rule Act,\napproved December 24, 1973 (87 Stat. 813; D.C. Official Code \u00a7 1-206.02(c)(3)).\nSec. 4. Effective date.\nThis act shall take effect following approval by the Mayor (or in the event of veto by the\nMayor, action by the Council to override the veto), and shall remain in effect for no longer than\n90 days, as provided for emergency acts of the Council of the District of Columbia in section\n412(a) of the District of Columbia Home Rule Act, approved December 24, 1973 (87 Stat. 788;\nD.C. Official Code \u00a7 1-204.12(a)).\n\nNot Codified\n\nContract No.\nDCHBX 2013C-0001\nOption Year\nOne Approval\nand Payment\nAuthorization\nEmergency\nAct of 2014\n\n\f", 
  "end": "4356", 
  "name": "Act_20-454.pdf", 
  "title": "Contract No. DCHBX 2013-C-0001 Option Year One Approval and Payment Authorization Emergency Act of 2014"
}