{
  "end": "4150", 
  "name": "Act_20-432.pdf", 
  "start": "4149", 
  "text": "COUNCIL OF THE DISTRICT OF COLUMBIA\nD.C. Act 20-432, effective October 7, 2014 (Expiration date January 5, 2015)\n\n20 DCSTAT 4149\n\nAN ACT\n\nBill 20-920\nEmergency\nDeclaration\nRes. 20-619\n20 DCStat 4520\n\nTo symbolically designate, on an emergency basis, the public alley in Square 2655, bounded by Colorado\nAvenue, N.W., and Blagden Avenue, N.W., in Ward 4, as Zion Baptist Church Way.\n\nCodification\nDistrict of\nColumbia\nOfficial Code\n2001 Edition\n\nBE IT ENACTED BY THE COUNCIL OF THE DISTRICT OF COLUMBIA, That this\nact may be cited as the \u201cZion Baptist Church Way Emergency Designation Act of 2014\u201d.\n\nZion Baptist\nChurch Way\nEmergency\nDesignation\nAct of 2014\n\nSec. 2. Pursuant to section 404 of the District of Columbia Home Rule Act, approved\nDecember 24, 1973 (87 Stat. 813; D.C. Official Code \u00a7 1-204.04), the Council symbolically\ndesignates the public alley in Square 2655, bounded by Colorado Avenue, N.W., and Blagden\nAvenue, N.W., in Ward 4, as \u201cZion Baptist Church Way\u201d.\n\nNote,\n\u00a7 9-204.03a\n\nSec. 3. Transmittal.\nThe Chairman of the Council shall transmit a copy of this act, upon its effective date, to\nthe District Department of Transportation.\nSec. 4. Fiscal impact statement.\nThe Council adopts the fiscal impact statement of the Chief Financial Officer as the fiscal\nimpact statement required by section 602(c)(3) of the District of Columbia Home Rule Act,\napproved December 24, 1973 (87 Stat. 813; D.C. Official Code \u00a7 1-206.02(c)(3)).\nSec. 5. Effective date.\nThis act shall take effect following approval by the Mayor (or in the event of veto by the\nMayor, action by the Council to override the veto), and shall remain in effect for no longer than\n90 days, as provided for emergency acts of the Council of the District of Columbia in section\n\n\fCOUNCIL OF THE DISTRICT OF COLUMBIA\nD.C. Act 20-432, effective October 7, 2014 (Expiration date January 5, 2015)\n\n20 DCSTAT 4150\n\n412(a) of the District of Columbia Home Rule Act, approved December 24, 1973 (87 Stat. 788;\nD.C. Official Code \u00a7 1-204.12(a)).\n\n\f", 
  "title": "Zion Baptist Church Way Emergency Designation Act of 2014", 
  "council_period": "20"
}