{
  "end": "855", 
  "name": "Law_19-264.pdf", 
  "start": "855", 
  "text": "COUNCIL OF THE DISTRICT OF COLUMBIA\nD.C. Law 19-264, effective April 20, 2013\n\n20 DCSTAT 855\n\nAN ACT\n\nBill 19-475\nAct 19-625\neffective\nJanuary 18,\n2013\n\nTo specify damages, costs, and reasonable attorney\u2019s fees available to an individual who, while riding a\nbicycle, is the victim of and prevails in a civil action for an assault or battery by a motorist.\n\nCodification\nDistrict of\nColumbia\nOfficial Code\n2001 Edition\n\nBE IT ENACTED BY THE COUNCIL OF THE DISTRICT OF COLUMBIA, That this\nact may be cited as the \u201cAccess to Justice for Bicyclists Act of 2012\u201d.\n\nAccess to\nJustice for\nBicyclists Act\nof 2012\n\nSec. 2. Civil action for bicyclists.\n(a) An individual who, while riding a bicycle, is the victim of an assault or battery by a\nmotorist, and prevails in a civil action for such assault or battery, shall be entitled to:\n(1) Statutory damages of $1,000 or actual damages, whichever is greater;\n(2) Reasonable attorney\u2019s fees and costs; provided, that the total amount of\ndamages is less than $10,000; and\n(3) Any other relief available under the law.\n(b) For the purposes of this section, the term \u201cmotorist\u201d means an individual who\noperates a motor vehicle, as defined in section 102(e-1) of the District of Columbia Traffic\nAdjudication Act of 1978, effective September 12, 1978 (D.C. Law 2-104; D.C. Official Code \u00a7\n50-2301.02(5A)).\n\nNew Subchapter IA, Chapter 16, Title\n50\nNew\n\u00a7 50-1621\n\nSec. 3. Fiscal impact statement.\nThe Council adopts the fiscal impact statement in the committee report as the fiscal\nimpact statement required by section 602(c)(3) of the District of Columbia Home Rule Act,\napproved December 24, 1973 (87 Stat. 813; D.C. Official Code \u00a7 1-206.02(c)(3)).\nSec. 4. Effective date.\nThis act shall take effect following approval by the Mayor (or in the event of veto by the\nMayor, action by the Council to override the veto), a 30-day period of Congressional review as\nprovided in section 602(c)(1) of the District of Columbia Home Rule Act, approved December\n24, 1973 (87 Stat. 813; D.C. Official Code \u00a7 1-206.02(c)(1)), and publication in the District of\nColumbia Register.\n\n\f", 
  "title": "Access to Justice for Bicyclists Act of 2012", 
  "council_period": "20"
}