{
  "start": "3584", 
  "text": "COUNCIL OF THE DISTRICT OF COLUMBIA\nD.C. Law 20-124, effective July 16, 2014\n\n20 DCSTAT 3584\n\nAN ACT\n\nBill 20-546\nAct 20-337\neffective\nMay 22, 2014\n\nTo amend the Transportation Infrastructure Improvements GARVEE Bond Financing Act of 2009 to\ninclude the financing of the replacement and realignment of the Frederick Douglass Memorial\nBridge as a qualified transportation project for GARVEE Bonds supported by grants to be\nreceived from the Federal Highway Administration.\n\nCodification\nDistrict of\nColumbia\nOfficial Code\n2001 Edition\n\nBE IT ENACTED BY THE COUNCIL OF THE DISTRICT OF COLUMBIA, That this\nact may be cited as the \u201cTransportation Infrastructure Improvements GARVEE Bond Financing\nAmendment Act of 2014\u201d.\n\nTransportation\nInfrastructure\nImprovements\nGARVEE\nBond\nFinancing\nAmendment\nAct of 2014\n\nSec. 2. The Transportation Infrastructure Improvements GARVEE Bond Financing Act\nof 2009, effective September 23, 2009 (D.C. Law 18\u201354; D.C. Official Code \u00a7 9\u2013107.51 et seq.), is\namended as follows:\n(a) Section 2(16) (D.C. Official Code \u00a7 9-107.51(16)) is amended to read as follows:\n\u201c(16) \u201cQualified Transportation Project\u201d means the following projects that meet the\neligibility requirements of the Federal Highway Administration as permissible transportation\nexpenditures under Title 23 of the Code of Federal Regulations:\n\u201c(A) The project to replace the twin 11th Street Bridges over the Anacostia\nRiver and to improve the interchanges at either end, including adding missing movements to and\nfrom the north onto the Anacostia Freeway; and\n\u201c(B) The project to replace and realign the aging Frederick Douglass\nMemorial Bridge and build new interchanges between the bridge and Suitland Parkway, the bridge\nand Potomac Avenue, S.W., Suitland Parkway and Interstate 295, and Suitland Parkway and Martin\nLuther King, Jr. Avenue.\u201d.\n(b) Section 3(a)(1) (D.C. Official Code \u00a7 9-107.52(a)(1)) is amended by striking the phrase\n\u201cshall not exceed $200 million\u201d and inserting the phrase \u201cshall not exceed $430 million\u201d in its\nplace.\nSec. 3. Fiscal impact statement.\nThe Council adopts the fiscal impact statement in the committee report as the fiscal\nimpact statement required by section 602(c)(3) of the District of Columbia Home Rule Act,\napproved December 24, 1973 (87 Stat. 813; D.C. Official Code \u00a7 1-206.02(c)(3)).\nSec. 4. Effective date.\nThis act shall take effect following approval by the Mayor (or in the event of veto by the\n\nAmend\n\u00a7 9-107.51\n\nAmend\n\u00a7 9-107.52\n\n\fCOUNCIL OF THE DISTRICT OF COLUMBIA\nD.C. Law 20-124, effective July 16, 2014\n\n20 DCSTAT 3585\n\nMayor, action by the Council to override the veto), a 30-day period of Congressional review as\nprovided in section 602(c)(1) of the District of Columbia Home Rule Act, approved December\n24, 1973 (87 Stat. 813; D.C. Official Code \u00a7 1-206.02(c)(1)), and publication in the District of\nColumbia Register.\n\n\f", 
  "end": "3585", 
  "name": "Law_20-124.pdf", 
  "title": "Transportation Infrastructure Improvements GARVEE Bond Financing Amendment Act of 2014"
}