{
  "start": "833", 
  "text": "COUNCIL OF THE DISTRICT OF COLUMBIA\nD.C. Law 19-259, effective April 20, 2013\n\n20 DCSTAT 833\n\nAN ACT\n\nBill 19-806\nAct 19-611\neffective\nJanuary 10,\n2013\n\nTo designate the western side of Langdon Park, between 18th Street, N.E., and 20th Street, N.E., in Ward 5,\nas Chuck Brown Park.\n\nCodification\nDistrict of\nColumbia\nOfficial Code\n2001 Edition\n\nBE IT ENACTED BY THE COUNCIL OF THE DISTRICT OF COLUMBIA, That this\nact may be cited as the \u201cChuck Brown Park Designation Act of 2012\u201d.\n\nChuck Brown\nPark\nDesignation\nAct of 2012\n\nSec. 2. Pursuant to section 401 of the Street and Alley Closing and Acquisition\nProcedures Act of 1982, effective March 10, 1983 (D.C. Law 4-201; D.C. Official Code \u00a7 9204.01) (\u201cAct\u201d), and notwithstanding sections 405 and 407 of the Act, the Council designates the\nwestern side of Langdon Park, between 18th Street, N.E., and 20th Street, N.E., in Ward 5, as\n\u201cChuck Brown Park\u201d.\n\nNote,\n\u00a7 9-204.01\n\nSec. 3. Transmittal.\nThe Secretary to the Council shall transmit a copy of this act, upon its effective date, to\nthe Department of General Services and the Department of Parks and Recreation.\nSec. 4. Fiscal impact statement.\nThe Council adopts the fiscal impact statement in the committee report as the fiscal\nimpact statement required by section 602(c)(3) of the District of Columbia Home Rule Act,\napproved December 24, 1973 (87 Stat. 813; D.C. Official Code \u00a7 1-206.02(c)(3)).\nSec. 5. Effective date.\nThis act shall take effect following approval by the Mayor (or in the event of veto by the\nMayor, action by the Council to override the veto), a 30-day period of Congressional review as\nprovided in section 602(c)(1) of the District of Columbia Home Rule Act, approved December\n24, 1973 (87 Stat. 813; D.C. Official Code \u00a7 1-206.02(c)(1)), and publication in the District of\nColumbia Register.\n\n\f", 
  "end": "833", 
  "name": "Law_19-259.pdf", 
  "title": "Chuck Brown Park Designation Act of 2012"
}