{
  "start": "185", 
  "text": "COUNCIL OF THE DISTRICT OF COLUMBIA\nD.C. Law 19-237, effective March 19, 2013\n\n20 DCSTAT 185\n\nAN ACT\n\nBill 19-670\nAct 19-554\neffective\nDecember 2,\n2012\n\nTo amend section 47-859.02 of the District of Columbia Official Code to remove the statutory limit on the\nnumber of residential units that may be approved for a tax abatement, and to extend the deadline\nto apply until December 31, 2013.\n\nCodification\nDistrict of\nColumbia\nOfficial Code\n2001 Edition\n\nBE IT ENACTED BY THE COUNCIL OF THE DISTRICT OF COLUMBIA, That this\nact may be cited as the \"NoMA Residential Development Tax Abatement Act of 2012\".\n\nNoMA\nResidential\nDevelopment\nTax\nAbatement\nAct of 2012\n\nSec. 2. Section 47-859.02 of the District of Columbia Official Code is amended as\nfollows:\n(a) Subsection (a) is amended by striking the phrase \u201csubsections (b) and (c) of this\nsection\u201d and inserting the phrase \u201csubsection (b) of this section\u201d in its place.\n(b) Subsection (b)(1) is amended by striking the date \u201cDecember 31, 2012\u201d and inserting\nthe date \u201cDecember 31, 2013\u201d in its place.\n(c) Subsection (c) is repealed.\n\nAmend\n\u00a7 47-859.02\n\nSec. 3. Fiscal impact statement.\nThe Council adopts the fiscal impact statement in the committee report as the fiscal\nimpact statement required by section 602(c)(3) of the District of Columbia Home Rule Act,\napproved December 24, 1973 (87 Stat. 813; D.C. Official Code \u00a7 l-206.02(c)(3)).\nSec. 4. Effective date.\nThis act shall take effect following approval by the Mayor (or in the event of veto by the\nMayor, action by the Council to override the veto), a 30-day period of Congressional review as\nprovided in section 602(c)(1) of the District of Columbia Home Rule Act, approved December\n24, 1973 (87 Stat. 813; D.C. Official Code \u00a7 1-206.02(c)(1)), and publication in the District of\nColumbia Register.\n\n\f", 
  "end": "185", 
  "name": "Law_19-237.pdf", 
  "title": "NoMA Residential Development Tax Abatement Act of 2012"
}