{
  "start": "3639", 
  "text": "COUNCIL OF THE DISTRICT OF COLUMBIA\nD.C. Law 20-119, effective July 1, 2014 (Expiration date February 11, 2015)\n(Related Emergency Legislation is Act 20-318, 20 DCSTAT 3301)\n\n20 DCSTAT 3639\n\nAN ACT\n\nTo amend, on a temporary basis, the Day Care Policy Act of 1979 to permit more than 2 children under 2\nyears of age in a child development home with a ratio of one adult caregiver to 2 children under 2\nyears of age.\n\nBE IT ENACTED BY THE COUNCIL OF THE DISTRICT OF COLUMBIA, That this\nact may be cited as the \u201cChild Development Home License Temporary Amendment Act of\n2014\u201d.\n\nSec. 2. Section 2 of the Day Care Policy Act of 1979, effective September 19, 1979 (D.C.\nLaw 3-16; D.C. Official Code \u00a7 4-401), is amended as follows:\n(a) A new paragraph (1A) is added to read as follows:\n\u201c(1A) The term \u201cChild Development Associate credential\u201d means a credential\nrecognized by the Council for Professional Recognition and accepted by the Office of the State\nSuperintendent of Education to demonstrate competency as a caregiver for young children.\u201d.\n(b) Paragraph (3) is amended by striking the phrase \u201cno more than 2 children younger\nthan 2 years of age in the group.\u201d and inserting the phrase \u201ca ratio of one adult caregiver to 2\nchildren if there are 2 or more children younger than 2 years of age in the group; provided, that\neach adult caregiver possesses a post-secondary degree in early childhood education or a related\nfield as determined by the Office of the State Superintendent of Education, holds a current Child\nDevelopment Associate (\u201cCDA\u201d) credential, is enrolled in a CDA training program, or can\nprovide evidence of enrollment in a CDA training program that will begin within 6 months of the\nfirst day of the adult caregiver\u2019s work with children at the child development home.\u201d in its place.\nSec. 3. Fiscal impact statement.\nThe Council adopts the fiscal impact statement of the Budget Director as the fiscal impact\nstatement required by section 602(c)(3) of the District of Columbia Home Rule Act, approved\nDecember 24, 1973 (87 Stat. 813; D.C. Official Code \u00a7 1-206.02(c)(3)).\nSec. 4. Effective date.\n(a) This act shall take effect following approval by the Mayor (or in the event of veto by\nthe Mayor, action by the Council to override the veto), a 30-day period of Congressional review\nas provided in section 602(c)(1) of the District of Columbia Home Rule Act, approved December\n\nBill 20-756\nAct 20-325\neffective\nMay 14, 2014\nCodification\nDistrict of\nColumbia\nOfficial Code\n2001 Edition\nChild\nDevelopment\nHome License\nTemporary\nAmendment\nAct of 2014\n\nNote,\n\u00a7 4-401\n\n\fCOUNCIL OF THE DISTRICT OF COLUMBIA\nD.C. Law 20-119, effective July 1, 2014 (Expiration date February 11, 2015)\n(Related Emergency Legislation is Act 20-318, 20 DCSTAT 3301)\n\n20 DCSTAT 3640\n\n24, 1973 (87 Stat. 813; D.C. Official Code \u00a7 1-206.02(c)(1)), and publication in the District of\nColumbia Register.\n(b) This act shall expire after 225 days of its having taken effect.\n\n\f", 
  "end": "3640", 
  "name": "Law_20-119.pdf", 
  "title": "Child Development Home License Amendment Temporary Act of 2014"
}