{
  "start": "234", 
  "text": "COUNCIL OF THE DISTRICT OF COLUMBIA\n20 DCSTAT 234\nD.C. Law 19-218, effective March 5, 2013 (Expiration date October 16, 2013)\n(Related Emergency legislation is Act 19-505, 59 DCR 12768)\n\nAN ACT\n\nBill 19-976\nAct 19-520\neffective\nNovember 2,\n2012\n\nTo amend, on a temporary basis, the Processing Sales Tax Clarification Act of 2010 to provide that the act\nshall apply when its fiscal effect is included in an approved budget and financial plan.\n\nCodification\nDistrict of\nColumbia\nOfficial Code\n2001 Edition\n\nBE IT ENACTED BY THE COUNCIL OF THE DISTRICT OF COLUMBIA, That this\nact may be cited as the \u201cProcessing Sales Tax Clarifying Temporary Amendment Act of 2012\u201d.\n\nProcessing\nSales Tax\nClarifying\nTemporary\nAmendment\nAct of 2012\n\nSec. 2. Section 3 of the Processing Sales Tax Clarification Act of 2010, effective March\n12, 2011 (D.C. Law 18-324; 58 DCR 3), is amended to read as follows:\n\u201cSec. 3. Applicability.\n\u201cThis act shall apply as of January 1, 2010; provided, that its fiscal effect is included in\nan approved budget and financial plan.\u201d.\n\nNote,\n\u00a7 47-2005\n\nSec. 3. Fiscal impact statement.\nThe Council adopts the fiscal impact statement of the Budget Director as the fiscal impact\nstatement required by section 602(c)(3) of the District of Columbia Home Rule Act, approved\nDecember 24, 1973 (87 Stat. 813; D.C. Official Code ' 1-206.02(c)(3)).\nSec. 4. Effective date.\n(a) This act shall take effect following approval by the Mayor (or in the event of veto by\nthe Mayor, action by the Council to override the veto), a 30-day period of Congressional review\nas provided in section 602(c)(1) of the District of Columbia Home Rule Act, approved December\n24, 1973 (87 Stat. 813; D.C. Official Code \u00a7 1-206.02(c)(1)), and publication in the District of\nColumbia Register.\n(b) This act shall expire after 225 days of its having taken effect.\n\n\f", 
  "end": "234", 
  "name": "Law_19-218.pdf", 
  "title": "Processing Sales Tax Clarifying Temporary Amendment Act of 2012"
}