{
  "end": "3566", 
  "name": "Law_20-118.pdf", 
  "start": "3565", 
  "text": "COUNCIL OF THE DISTRICT OF COLUMBIA\nD.C. Law 20-118, effective July 1, 2014\n\n20 DCSTAT 3565\n\nAN ACT\n\nTo order the closing of a portion of the public alley in Square 75 bounded by Pennsylvania Avenue, N.W.,\n22nd Street, N.W., I Street, N.W., and 21st Street, N.W., and accept the dedication of land for alley\npurposes in Square 75, in Ward 2.\n\nBE IT ENACTED BY THE COUNCIL OF THE DISTRICT OF COLUMBIA, That this\nact may be cited as the \u201cClosing of a Portion of the Public Alley and Acceptance of Dedication\nof Land for Alley Purposes in Square 75, S.O. 12-03806, Act of 2014\u201d.\n\nSec. 2. Pursuant to section 404 of the District of Columbia Home Rule Act, approved\nDecember 24, 1973 (87 Stat. 813; D.C. Official Code \u00a7 1-204.04), and consistent with the Street\nand Alley Closing and Acquisition Procedures Act of 1982, effective March 10, 1983 (D.C. Law\n4-201; D.C. Official Code \u00a7 9-201.01 et seq.), the Council finds that the portion of the public\nalley in Square 75, as shown on the Surveyor\u2019s plat filed under S.O. 12-03806, is unnecessary for\nalley purposes and orders it closed, with title to the land to vest as shown on the Surveyor\u2019s plat.\nSec. 3. Pursuant to section 302(c) of the Street and Alley Closing and Acquisition\nProcedures Act of 1982, effective March 10, 1983 (D.C. Law 4-201; D.C. Official Code \u00a7 9203.02(3)), the Council accepts the dedication of land for alley purposes as shown on the\nSurveyor\u2019s plat filed under S.O. 12-03806.\nSec. 4. Transmittal.\nThe Chairman of the Council shall transmit a copy of this act, upon its effective date, to\nthe Office of the Surveyor and the Office of the Recorder of Deeds.\nSec. 5. Fiscal impact statement.\nThe Council adopts the fiscal impact statement in the committee report as the fiscal\nimpact statement required by section 602(c)(3) of the District of Columbia Home Rule Act,\napproved December 24, 1973 (87 Stat. 813; D.C. Official Code \u00a7 1-206.02(c)(3)).\nSec. 6. Effective date.\nThis act shall take effect following approval by the Mayor (or in the event of veto by the\nMayor, action by the Council to override the veto), a 30-day period of Congressional review as\nprovided in section 602(c)(1) of the District of Columbia Home Rule Act, approved December\n\nBill 20-615\nAct 20-324\neffective\nMay 14, 2014\nNot Codified\n\nClosing of a\nPortion of the\nPublic Alley\nand\nAcceptance of\nDedication of\nLand for Alley\nPurposes in\nSquare 75,\nS.O. 12-03806,\nAct of 2014\n\n\fCOUNCIL OF THE DISTRICT OF COLUMBIA\nD.C. Law 20-118, effective July 1, 2014\n\n20 DCSTAT 3566\n\n24, 1973 (87 Stat. 813; D.C. Official Code \u00a7 1-206.02(c)(1)), and publication in the District of\nColumbia Register.\n\n\f", 
  "title": "Closing of a Portion of the Public Alley and Acceptance of Dedication of Land for Alley Purposes in Square 75, S.O. 12-03806, Act of 2014", 
  "council_period": "20"
}