{
  "end": "206", 
  "name": "Law_19-250.pdf", 
  "start": "206", 
  "text": "COUNCIL OF THE DISTRICT OF COLUMBIA\nD.C. Law 19-250, effective March 19, 2013\n\n20 DCSTAT 206\n\nAN ACT\n\nBill 19-780\nAct 19-580\neffective\nDecember 22,\n2012\n\nTo symbolically designate the 1800 block of Martin Luther King, Jr. Avenue, S.E., as Albert \u201cButch\u201d\nHopkins Way.\n\nCodification\nDistrict of\nColumbia\nOfficial Code\n2001 Edition\n\nBE IT ENACTED BY THE COUNCIL OF THE DISTRICT OF COLUMBIA, That this\nact may be cited as the \u201cAlbert \u201cButch\u201d Hopkins Way Designation Act of 2012\u201d.\n\nAlbert\n\u201cButch\u201d\nHopkins Way\nDesignation\nAct of 2012\n\nSec. 2. Pursuant to sections 401 and403a of the Street and Alley Closing and Acquisition\nProcedures Act of 1982, effective March 10, 1983 (D.C. Law 4-201; D.C. Official Code \u00a7\u00a7 9204.01 and 9-204.03a) (\u201cAct\u201d), and notwithstanding sections 405 and 407 of the Act (D.C.\nOfficial Code \u00a7\u00a7 9-204.05 and 9-204.07), the Council symbolically designates the 1800 block of\nMartin Luther King, Jr. Avenue, S.E., as \u201cAlbert \u201cButch\u201d Hopkins Way\u201d.\n\nNote,\n\u00a7 9-204.01\n\nSec. 3. Transmittal.\nThe Secretary to the Council shall transmit a copy of this act, upon its effective date, to\nthe District Department of Transportation.\nSec. 4. Fiscal impact statement.\nThe Council adopts the fiscal impact statement in the committee report as the fiscal\nimpact statement required by section 602(c)(3) of the District of Columbia Home Rule Act,\napproved December 24, 1973 (87 Stat. 813; D.C. Official Code \u00a7 1-206.02(c)(3)).\nSec. 5. Effective date.\nThis act shall take effect following approval by the Mayor (or in the event of veto by the\nMayor, action by the Council to override the veto), a 30-day period of Congressional review as\nprovided in section 602(c)(1) of the District of Columbia Home Rule Act, approved December\n24, 1973 (87 Stat. 813; D.C. Official Code \u00a7 1-206.02(c)(1)), and publication in the District of\nColumbia Register.\n\n\f", 
  "title": "Albert \u201cButch\u201d Hopkins Way Designation Act of 2012", 
  "council_period": "20"
}