{
  "end": "1088", 
  "name": "Law_19-308.pdf", 
  "start": "1087", 
  "text": "COUNCIL OF THE DISTRICT OF COLUMBIA\nD.C. Law 19-308, effective May 1, 2013\n\n20 DCSTAT 1087\n\nAN ACT\n\nBill 19-1018\nAct 19-675\neffective\nFebruary 11,\n2013\n\nTo amend the Police Officers, Fire Fighters, and Teachers Retirement Benefit Replacement Act of 1998 to\ncomply with applicable tax qualification provisions of the Internal Revenue Code for\ngovernmental retirement plans.\n\nCodification\nDistrict of\nColumbia\nOfficial Code\n2001 Edition\n\nBE IT ENACTED BY THE COUNCIL OF THE DISTRICT OF COLUMBIA, That this\nact may be cited as the \u201cPolice Officers, Fire Fighters, and Teachers Retirement Benefit\nReplacement Act of 1998 Amendment Act of 2012\u201d.\n\nPolice\nOfficers, Fire\nFighters, and\nTeachers\nRetirement\nBenefit\nReplacement\nAct of 1998\nAmendment\nAct of 2012\n\nSec. 2. The Police Officers, Fire Fighters, and Teachers Retirement Benefit Replacement\nAct of 1998, effective September 18, 1998 (D.C. Law 12-152; D.C. Official Code \u00a7 1-901.01 et\nseq.), is amended as follows:\n(a) Section 123 (D.C. Official Code \u00a7 1-905.03) is amended to read as follows:\n\u201cSec. 123. Tax treatment of plan.\n\"The replacement plan described in section 121 shall be deemed a \u201cgovernmental plan\u201d\nas defined in section 414(d) of the Internal Revenue Code of 1986, approved October 22, 1986\n(100 Stat. 2085; 26 U.S.C. \u00a7 1 et seq.) (\"Internal Revenue Code\"), which is intended to qualify\nunder section 401(a) of the Internal Revenue Code, and all benefits provided from the\nreplacement plan shall be deemed governmental plan benefits maintained by the District.\u201d.\n(b) Section 203 (D.C. Official Code \u00a7 1-911.03) is amended to read as follows:\n\u201cSec. 203. Alienation of benefits.\n\"Benefits of the retirement programs provided for in this act shall not be\nassigned or alienated, except to the extent expressly permitted by this act or by another\napplicable law and with respect to a domestic relations order that substantially meets all of the\nrequirements of section 414(p) of the Internal Revenue Code, as determined solely by the\nRetirement Board.\u201d.\nSec. 3. Fiscal impact statement.\nThe Council adopts the fiscal impact statement in the committee report as the fiscal\nimpact statement required by section 602(c)(3) of the District of Columbia Home Rule Act,\napproved December 24, 1973 (87 Stat. 813; D.C. Official Code \u00a7 1-206.02(c)(3)).\nSec. 4. Effective date.\nThis act shall take effect following approval by the Mayor (or in the event of veto by the\nMayor, action by the Council to override the veto), a 30-day period of Congressional review as\nprovided in section 602(c)(1) of the District of Columbia Home Rule Act, approved December\n\nAmend\n\u00a7 1-905.03\n\nAmend\n\u00a7 1-911.03\n\n\fCOUNCIL OF THE DISTRICT OF COLUMBIA\nD.C. Law 19-308, effective May 1, 2013\n\n20 DCSTAT 1088\n\n24, 1973 (87 Stat. 813; D.C. Official Code \u00a7 1-206.02(c)(1)), and publication in the District of\nColumbia Register.\n\n\f", 
  "title": "Police Officers, Fire Fighters, and Teachers Retirement Benefit Replacement Act of 1998 Amendment Act of 2012", 
  "council_period": "20"
}