{
  "end": "3294", 
  "name": "Law_20-115.pdf", 
  "start": "3294", 
  "text": "COUNCIL OF THE DISTRICT OF COLUMBIA\nD.C. Law 20-115, effective June 21, 2014 (Expiration date February 1, 2015)\n(Related Emergency Legislation is Act 20-302, 20 DCSTAT 3070)\n\n20 DCSTAT 3294\n\nAN ACT\n\nTo amend, on a temporary basis, section 47-4625 of the District of Columbia Official Code to adjust the\namount of retail space required for the real property known as Kelsey Gardens to qualify for a\nreal property tax abatement.\n\nBE IT ENACTED BY THE COUNCIL OF THE DISTRICT OF COLUMBIA, That this\nact may be cited as the \u201cKelsey Gardens Redevelopment Temporary Act of 2014\u201d.\nSec. 2. Section 47-4625(a)(2) of the District of Columbia Official Code is amended to\nread as follows:\n\u201c(2) Beginning on December 17, 2009, contain approximately 13,363 square feet\nof ground-level retail space; and\u201d.\nSec. 3. Fiscal impact statement.\nThe Council adopts the fiscal impact statement of the Chief Financial Officer as the fiscal\nimpact statement required by section 602(c)(3) of the District of Columbia Home Rule Act,\napproved December 24, 1973 (87 Stat. 813; D.C. Official Code \u00a7 1-206.02(c)(3)).\nSec. 4. Effective date.\n(a) This act shall take effect following approval by the Mayor (or in the event of veto by\nthe Mayor, action by the Council to override the veto), a 30-day period of Congressional review\nas provided in section 602(c)(1) of the District of Columbia Home Rule Act, approved December\n24, 1973 (87 Stat. 813; D.C. Official Code \u00a7 1-206.02(c)(1)), and publication in the District of\nColumbia Register.\n(b) This act shall expire after 225 days of its having taken effect.\n\nBill 20-699\nAct 20-320\neffective\nApril 28, 2014\nCodification\nDistrict of\nColumbia\nOfficial Code\n2001 Edition\nKelsey Gardens\nRedevelopment\nTemporary Act\nof 2014\n\nNote,\n\u00a7 47-4625\n\n\f", 
  "title": "Kelsey Gardens Redevelopment Temporary Act of 2014", 
  "council_period": "20"
}