{
  "end": "856", 
  "name": "Law_19-265.pdf", 
  "start": "856", 
  "text": "COUNCIL OF THE DISTRICT OF COLUMBIA\nD.C. Law 19-265, effective April 20, 2013\n\n20 DCSTAT 856\n\nAN ACT\n\nBill 19-572\nAct 19-626\neffective\nJanuary 22,\n2013\n\nTo symbolically designate the 600 block of Rhode Island Avenue, N.E., as Greater Mount Calvary Way.\n\nCodification\nDistrict of\nColumbia\nOfficial Code\n2001 Edition\n\nBE IT ENACTED BY THE COUNCIL OF THE DISTRICT OF COLUMBIA, That this\nact may be cited as the \u201cGreater Mount Calvary Way Designation Act of 2012\u201d.\n\nGreater\nMount\nCalvary Way\nDesignation\nAct of 2012\n\nSec. 2. Pursuant to section 401 and 403a of the Street and Alley Closing Acquisition\nProcedures Act of 1982, effective March 10, 1983 (D.C. Law 4-201; D.C. Official Code \u00a7\u00a7 9204.01 and 9-204.03a), the Council symbolically designates the 600 block of Rhode Island\nAvenue, N.E., as \u201cGreater Mount Calvary Way\u201d.\n\nNote,\n\u00a7 9-201.01\n\nSec. 3. Transmittal.\nThe Secretary to the Council shall transmit a copy of this act, upon its effective date, to\nthe District Department of Transportation.\nSec. 4. Fiscal impact statement.\nThe Council adopts the fiscal impact statement in the committee report as the fiscal\nimpact statement required by section 602(c)(3) of the District of Columbia Home Rule Act,\napproved December 24, 1973 (87 Stat. 813; D.C. Official Code \u00a7 1-206.02(c)(3)).\nSec.5. Effective date.\nThis act shall take effect following approval by the Mayor (or in the event of veto by the\nMayor, action by the Council to override the veto), a 30-day period of Congressional review as\nprovided in section 602(c)(1) of the District of Columbia Home Rule Act, approved December\n24, 1973 (87 Stat. 813; D.C. Official Code \u00a7 1-206.02(c)(1)), and publication in the District of\nColumbia Register.\n\n\f", 
  "title": "Greater Mount Calvary Way Designation Act of 2012", 
  "council_period": "20"
}