{
  "start": "884", 
  "text": "COUNCIL OF THE DISTRICT OF COLUMBIA\nD.C. Law 19-267, effective April 20, 2013\n\n20 DCSTAT 884\n\nAN ACT\n\nTo order the closing of a public alley in Square 393, bounded by Florida Avenue, N.W., 8th Street, N.W.,\nand 9th Street, N. W., in Ward 1.\n\nBE IT ENACTED BY THE COUNCIL OF THE DISTRICT OF COLUMBIA, That this\nact may be cited as the \u201cClosing of a Public Alley in Square 393, S.O. 11-08780, Act of 2012\u201d.\nSec. 2. Pursuant to section 201 of the Street and Alley Closing and Acquisition\nProcedures Act of 1982, effective March 10, 1983 (D.C. Law 4-201; D.C. Official Code \u00a7 9202.01), the Council finds that the portion of the public alley in Square 393, as shown on the\nSurveyor\u2019s plat in S.O. 11-08780, is unnecessary for alley purposes and orders it closed, with\ntitle to the land to vest as shown on the Surveyor\u2019s plat. The approval of the Council of this\nclosing is contingent upon the recordation of a covenant establishing new portions of the alley\nsystem by easement as shown on the Surveyor\u2019s plat in S.O. 11-08780 that includes an\nagreement by the owner of the property encumbered by the easement to maintain the new\nportions of the alley system.\nSec. 3. Transmittal.\nThe Secretary to the Council shall transmit a copy of this act, upon its effective date, to\nthe Office of the Surveyor.\nSec. 4. Fiscal impact statement.\nThe Council adopts the fiscal impact statement in the committee report as the fiscal\nimpact statement required by section 602(c)(3) of the District of Columbia Home Rule Act,\napproved December 24, 1973 (87 Stat. 813; D.C. Official Code \u00a71-206-02(c)(3)).\nSec. 5. Effective date.\nThis act shall take effect following approval by the Mayor (or in the event of veto by the\nMayor, action by the Council to override the veto), a 30-day period of Congressional review as\nprovided in section 602(c)(1) of the District of Columbia Home Rule Act, approved December\n24, 1973 (87 Stat. 813; D.C. Official Code \u00a71-206.02(c)(1)), and publication in the District of\nColumbia Register.\n\nBill 19-787\nAct 19-628\neffective\nJanuary 22,\n2013\nNot Codified\nClosing of a\nPublic Alley in\nSquare 393,\nS.O. 11-08780,\nAct of 2012\n\n\f", 
  "end": "884", 
  "name": "Law_19-267.pdf", 
  "title": "Closing of a Public Alley in Square 393, S.O. 11-08780, Act of 2012"
}