{
  "end": "134", 
  "name": "Law_19-225.pdf", 
  "start": "134", 
  "text": "COUNCIL OF THE DISTRICT OF COLUMBIA\nD.C. Law 19-225, effective March 19, 2013\n\n20 DCSTAT 134\n\nAN ACT\n\nBill 19-739\nAct 19-536\neffective\nNovember 15,\n2012\n\nTo amend the District of Columbia Child Support Enforcement Amendment Act of 1985 to require that\nemployers report the date of hire to the District of Columbia Directory of New Hires; and to\namend the Advisory Commission on Sentencing Establishment Act of 1998 to modify the\nmembership of the District of Columbia Sentencing and Criminal Code Revision Commission.\n\nCodification\nDistrict of\nColumbia\nOfficial Code\n2001 Edition\n\nBE IT ENACTED BY THE COUNCIL OF THE DISTRICT OF COLUMBIA, That this\nact may be cited as the \u201cHire Date Reporting Amendment Act of 2012\u201d.\n\nHire Date\nReporting\nAmendment\nAct of 2012\n\nSec. 2. Section 27f of the District of Columbia Child Support Enforcement\nAmendment Act of 1985, effective April 3, 2001 (D.C. Law 13-269; D.C. Official Code \u00a7 46226.06), is amended as follows:\n(a) Subsection (b) is amended as follows:\n(1) Paragraph (5) is amended by striking the word \u201cand\u201d at the end.\n(2) Paragraph (6) is amended by striking the period at the end and inserting the\nphrase \u201c; and\u201d in its place.\n(3) A new paragraph (7) is added to read as follows:\n\u201c(7) Date of hire of the employee, defined as the first day that the employee\nperformed services for compensation.\u201d.\n(b) Subsection (c) is amended as follows:\n(1) Paragraph (4) is amended by adding the word \u201cand\u201d at the end.\n(2) Paragraph (5) is repealed.\n\nAmend\n\u00a7 46-226.06\n\nSec. 3. Section 3(a)(1)(I) of the Advisory Commission on Sentencing Establishment\nAct of 1998, effective October 16, 1998 (D.C. Law 12-167; D.C. Official Code \u00a7 3-102(a)(1)(I)),\nis amended by striking the phrase \u201cwho are not attorneys\u201d.\n\nAmend\n\u00a7 3-102\n\nSec. 4. Fiscal impact statement.\nThe Council adopts the fiscal impact statement in the committee report as the fiscal\nimpact statement required by section 602(c)(3) of the District of Columbia Home Rule Act,\napproved December 24, 1973 (87 Stat. 813; D.C. Official Code \u00a71-206.02(c)(3)).\nSec. 5. Effective date.\nThis act shall take effect following approval by the Mayor (or in the event of veto by the\nMayor, action by the Council to override the veto), a 30-day period of Congressional review as\nprovided in section 602(c)(1) of the District of Columbia Home Rule Act, approved December\n24, 1973 (87 Stat. 813; D.C. Official Code \u00a7 1-206.02(c)(1)), and publication in the District of\nColumbia Register.\n\n\f", 
  "title": "Hire Date Reporting Amendment Act of 2012", 
  "council_period": "20"
}