{
  "start": "238", 
  "text": "COUNCIL OF THE DISTRICT OF COLUMBIA\n20 DCSTAT 238\nD.C. Law 19-221, effective March 5, 2013 (Expiration date October 16, 2013)\n(Related Emergency legislation is Act 19-450, 59 DCR 11093)\n\nAN ACT\n\nTo amend, on a temporary basis, the District of Columbia Public Assistance Act of 1982 to delay the\nscheduled additional 25% reduction of Temporary Assistance for Needy Families payments for 6\nmonths, from October 1, 2012, until April 1, 2013.\n\nBE IT ENACTED BY THE COUNCIL OF THE DISTRICT OF COLUMBIA, That this\nact may be cited as the \u201cTemporary Assistance for Needy Families Time Delay Temporary\nAmendment Act of 2012\u201d.\nSec. 2. Section 552(c-3) of the District of Columbia Public Assistance Act of 1982,\neffective April 6, 1982 (D.C. Law 4-101; D.C. Official Code \u00a7 4-205.52(c-3)), is amended as\nfollows:\n(a) Paragraph (1) is amended to read as follows:\n\u201c(1) For the period beginning April 1, 2013, and ending September 30, 2013, a\nreduction of 25% of the fiscal year 2012 amount;\u201d.\n(b) Paragraph (2) is amended by striking the phrase \u201cfiscal year 2013 amount;\u201d and\ninserting the phrase \u201camount established by paragraph (1) of this subsection;\u201d in its place.\nSec. 3. Fiscal impact statement.\nThe Council adopts the fiscal impact statement of the Chief Financial Officer as the fiscal\nimpact statement required by section 602(c)(3) of the District of Columbia Home Rule Act,\napproved December 24, 1973 (87 Stat. 813; D.C. Official Code \u00a7 1-206.02(c)(3)).\nSec. 4. Effective date.\n(a) This act shall take effect following approval by the Mayor (or in the event of veto by\nthe Mayor, action by the Council to override the veto), a 30-day period of Congressional review\nas provided in section 602(c)(1) of the District of Columbia Home\nRule Act, approved December 24, 1973 (87 Stat. 813; D.C. Official Code \u00a7 1-206.02(c)(1)), and\npublication in the District of Columbia Register.\n(b) This act shall expire after 225 days of its having taken effect.\n\nBill 19-902\nAct 19-523\neffective\nNovember 2,\n2012\nCodification\nDistrict of\nColumbia\nOfficial Code\n2001 Edition\nTemporary\nAssistance for\nNeedy\nFamilies Time\nDelay\nTemporary\nAmendment\nAct of 2012\nNote,\n\u00a7 4-205.52\n\n\f", 
  "end": "238", 
  "name": "Law_19-221.pdf", 
  "title": "Temporary Assistance for Needy Families Time Delay Temporary Amendment Act of 2012"
}