{
  "start": "261", 
  "text": "COUNCIL OF THE DISTRICT OF COLUMBIA\n20 DCSTAT 261\nD.C. Law 19-227, effective March 19, 2013 (Expiration date October 30, 2013)\n(Related Emergency legislation is Act 19-529, 59 DCR 13330)\n\nAN ACT\n\nBill 19-1004\nAct 19-538\neffective\nNovember 15,\n2012\n\nTo permit, on a temporary basis, school-based enrichment programs approved to operate in District public\nschools for the 2012-2013 school year to continue operating for the remainder of the school year\nwithout being charged rent payable to the District, and to require the Department of General\nServices to develop a District-wide procedure for the use of school spaces by parent-run, not-forprofit enrichment programs to take effect at the beginning of the 2013-2014 school year.\n\nCodification\nDistrict of\nColumbia\nOfficial Code\n2001 Edition\n\nBE IT ENACTED BY THE COUNCIL OF THE DISTRICT OF COLUMBIA, That this\nact may be cited as the \u201cSchool-Based Enrichment Programs Temporary Act of 2012\u201d.\n\nSchool-Based\nEnrichment\nPrograms\nTemporary\nAct of 2012\n\nSec. 2. Notwithstanding any other provision of law, during the 2012-13 school year, the\nDistrict shall not charge rent to a parent-run, before- or after-school enrichment program\noperating in a District public school; provided, that the program:\n(1) Operates on a not-for-profit basis;\n(2) Has been approved by the school to operate during the 2012-2013 school year;\n(3) Has an approved building use agreement for 2012-2013 with the District;\n(4) Meets the District\u2019s insurance requirements; and\n(5) Pays any actual costs for security, custodial, or other services that the District\nrequires.\n\nNote,\n\u00a7 38-409\n\nSec. 3. (a) The Department of General Services (\"DGS\") shall develop a District-wide\nprocedure for the use of District schools by parent-run, nonprofit enrichment programs, including\na process for obtaining permission to use spaces in school, the amount of insurance the programs\nare required to obtain, and any operational fees or costs that the programs shall be required to\npay to the District.\n(b) On or before March 15, 2013, DGS shall:\n(1) Post a draft of the procedure set forth in subsection (a) of this section on its\nwebsite for public comment; and\n(2) E-mail notice of the draft procedure with information on how to provide\ncomment to the chairs of all Local School Advisory Teams.\n(c) On or before May 15, 2013, DGS shall finalize the procedure set forth in subsection\n(a) of this section, which shall take effect at the start of the 2013-2014 school year, and shall post\ndetails about the procedure on its website.\n\n\fCOUNCIL OF THE DISTRICT OF COLUMBIA\n20 DCSTAT 262\nD.C. Law 19-227, effective March 19, 2013 (Expiration date October 30, 2013)\n(Related Emergency legislation is Act 19-529, 59 DCR 13330)\n\nSec. 4. Fiscal impact statement.\nThe Council adopts the fiscal impact statement of the Budget Director as the fiscal impact\nstatement required by section 602(c)(3) of the District of Columbia Home Rule Act, approved\nDecember 24, 1973 (87 Stat. 813; D.C. Official Code \u00a7 1-206.02(c)(3)).\nSec. 5. Effective date.\n(a) This act shall take effect following approval by the Mayor (or in the event of veto by\nthe Mayor, action by the Council to override the veto), a 30-day period of Congressional review\nas provided in section 602(c)(1) of the District of Columbia Home Rule Act, approved December\n24, 1973 (87 Stat. 813; D.C. Official Code \u00a7 1-206.02(c)(1)), and publication in the District of\nColumbia Register.\n(b) This act shall expire after 225 days of its having taken effect.\n\n\f", 
  "end": "262", 
  "name": "Law_19-227.pdf", 
  "title": "School-Based Enrichment Programs Temporary Act of 2012"
}