{
  "end": "211", 
  "name": "Law_19-212.pdf", 
  "start": "211", 
  "text": "COUNCIL OF THE DISTRICT OF COLUMBIA\n20 DCSTAT 211\nD.C. Law 19-212, effective March 5, 2013 (Expiration date October 16, 2013)\n(Related emergency legislation is Act 19-476, 59 DCR 12101)\n\nAN ACT\n\nTo amend, on a temporary basis, the Department of Transportation Establishment Act of 2002 to establish\nthe Parking Meter Fund.\n\nBE IT ENACTED BY THE COUNCIL OF THE DISTRICT OF COLUMBIA, That this\nact may be cited as the \u201cDistrict Department of Transportation Parking Meter Fund\nEstablishment Temporary Amendment Act of 2012\u201d.\nSec. 2. The Department of Transportation Establishment Act of 2002, effective May 21,\n2002 (D.C. Law 14-137; D.C. Official Code \u00a7 50-921.01 et seq.), is amended by adding a new\nsection 9h to read as follows:\n\u201cSec. 9h. Parking Meter Fund.\n\u201c(a) For fiscal year 2013, there is established as a lapsing, special purpose revenue fund the\nParking Meter Fund (\u201cFund\u201d). The Fund shall be administered by the Director of the District\nDepartment of Transportation and used for the following purposes:\n\u201c(1) To pay for the maintenance of parking meters in the District; and\n\u201c(2) To provide the local match for a Federal Highway Administration grant for\nperformance parking.\n\u201c(b) Notwithstanding section 9g and section 3(h) of the District of Columbia Motor\nVehicle Parking Facility Act of 1942, approved February 16, 1942 (56 Stat. 91; D.C. Official\nCode \u00a750-2603(8)), a total of $2.9 million in parking meter revenue shall be deposited into the\nFund as of the effective date of this section.\u201d.\nSec. 3. Fiscal impact statement.\nThe Council adopts the fiscal impact statement of the Chief Financial Officer as the\nfiscal impact statement required by section 602(c)(3) of the District of Columbia Home Rule\nAct, approved December 24, 1973 (87 Stat. 813; D.C. Official Code \u00a7 1-206.02(c)(3)).\nSec. 4. Effective date.\n(a) This act shall take effect following approval by the Mayor (or in the event of veto by\nthe Mayor, action by the Council to override the veto), a 30-day period of Congressional review\nas provided in section 602(c)(1) of the District of Columbia Home Rule Act, approved December\n24, 1973 (87 Stat. 813; D.C. Official Code \u00a7 1-206.02(c)(1)), and publication in the District of\nColumbia Register.\n(b) This act shall expire after 225 days of its having taken effect.\n\nBill 19-924\nAct 19-514\neffective\nOctober 31,\n2012\nCodification\nDistrict of\nColumbia\nOfficial Code\n2001 Edition\nDistrict\nDepartment of\nTransportation Parking\nMeter Fund\nEstablishment\nTemporary\nAmendment\nAct of 2012\nNote,\n\u00a7 50-921.15\n\n\f", 
  "title": "District Department of Transportation Parking Meter Fund Establishment Temporary Amendment Act of 2012", 
  "council_period": "20"
}