{
  "start": "132", 
  "text": "COUNCIL OF THE DISTRICT OF COLUMBIA\nD.C. Law 19-224, effective March 19, 2013\n\n20 DCSTAT 132\n\nAN ACT\n\nTo amend Chapter 46 of Title 47 of the District of Columbia Official Code to clarify that Lot 0218, Square\n5730, which was consolidated from portions of Lots 0038, 0923, and 0924, Square 5730, will\ncontinue to be exempt from real property taxation, and to provide that the tax exemption will\napply to any subsequent owner or assignee or successor in interest of the Alabama Ave.\nAffordable Housing, L.P., as long as the property is used as an affordable housing rental project.\n\nBE IT ENACTED BY THE COUNCIL OF THE DISTRICT OF COLUMBIA, That this\nact may be cited as the \u201cAllen Chapel A.M.E. Senior Residential Rental Project Property Tax\nExemption Clarification Act of 2012\".\n\nSec. 2. Chapter 46 of Title 47 of the District of Columbia Official Code is amended as\nfollows:\n(a) The table of contents is amended by striking the phrase \u201c0215, 0923\u201d and inserting\nthe phrase \u201c0215, 0218, 0923\u201d in its place.\n(b) Section 47-4641 is amended as follows:\n(1) The heading is amended by striking the phrase \u201c0215, 0923\u201d and inserting the\nphrase \u201c0215, 0218, 0923\u201d in its place.\n(2) Designate the existing text as subsection (a).\n(3) New subsections (b), (c), and (d) are added to read as follows:\n\u201c(b) The real property described as Lot 0218, Square 5730, including any improvements\non the property, which was consolidated from portions of Lots 0038, 0923, and 0924, Square\n5730 and which has been transferred from Allen Chapel African Methodist Episcopal Church,\nInc., to the Alabama Ave. Affordable Housing, L.P., shall be exempt from the tax imposed by\nChapter 8 of this title so long as the real property is used as an affordable rental housing project\nand is not used for commercial purposes, subject to the provisions of \u00a7\u00a7 47-1005, 47-1007, and\n47-1009.\n\u201c(c) The exemption provided in subsection (b) of this section shall run with Lot 0218,\nSquare 5730 and shall apply to any subsequent owner or assignee or successor in interest of the\nAlabama Ave. Affordable Housing, L.P.; provided, that the property is used as an affordable\nrental housing project and is not used for commercial purposes.\n\u201c(d) For the purposes of this section, the term:\n\u201c(1) \u201cAffordable rental housing project\u201d means a housing development, including\ntenant services, improvements, and facilities related to the housing development, in which units\nare primarily rented to households with incomes that are not more than 60% of area median\nincome (adjusted for household size), as defined by the U.S. Department of Housing and Urban\n\nBill 19-162\nAct 19-535\neffective\nNovember 16,\n2012\nCodification\nDistrict of\nColumbia\nOfficial Code\n2001 Edition\n\nAllen Chapel\nA.M.E. Senior\nResidential\nRental Project\nProperty Tax\nExemption\nClarification\nAct of 2012\n\nAmend,\n\u00a7 47-4641\n\n\fCOUNCIL OF THE DISTRICT OF COLUMBIA\nD.C. Law 19-224, effective March 19, 2013\n\n20 DCSTAT 133\n\nDevelopment for households in the District of Columbia, or that is otherwise in compliance with\napplicable use restrictions during a federal low-income housing tax credit compliance period or\nother federal program governing income and use restrictions.\n\u201c(2) \u201cAlabama Ave. Affordable Housing, L.P.\u201d means the entity established by\nAllen Chapel African Methodist Episcopal Church, Inc., to develop the Alabama Avenue\nAffordable Rental Housing Project; which entity is comprised of Vision of Victory CDC, a\nsubsidiary of Allen Chapel African Methodist Episcopal Church, Inc., which holds a 51%\ninterest in the entity, and the NHP Foundation, a nonprofit affordable housing developer/owner,\nwhich owns a 49% interest in the entity,.\n\u201c(3) \u201cAlabama Avenue Affordable Rental Housing Project\u201d means the\nacquisition, construction, rehabilitation, equipping, including the financing, refinancing, or\nreimbursing of costs of an affordable rental housing project, including for any related tenant\nservices, improvements, or facilities, located on the real property described as Lot 0218, Square\n5730.\u201d.\nSec. 3. Fiscal impact statement.\nThe Council adopts the fiscal impact statement in the committee report as the fiscal\nimpact statement required by section 602(c)(3) of the District of Columbia Home Rule Act,\napproved December 24, 1973 (87 Stat. 813; D.C. Official Code \u00a7 1-206.02(c)(3)).\nSec. 4. Effective date.\nThis act shall take effect following approval by the Mayor (or in the event of veto by the\nMayor, action by the Council to override the veto), a 30-day period of Congressional review as\nprovided in section 602(c)(1) of the District of Columbia Home Rule Act, approved December\n24, 1973 (87 Stat. 813; D.C. Official Code \u00a7 1-206.02(c)(1)), and publication in the District of\nColumbia Register.\n\n\f", 
  "end": "133", 
  "name": "Law_19-224.pdf", 
  "title": "Allen Chapel A.M.E. Senior Residential Rental Project Property Tax Exemption Clarification Act of 2012"
}