{
  "end": "186", 
  "name": "Law_19-238.pdf", 
  "start": "186", 
  "text": "COUNCIL OF THE DISTRICT OF COLUMBIA\nD.C. Law 19-238, effective March 19, 2013\n\n20 DCSTAT 186\n\nAN ACT\n\nBill 19-827\nAct 19-555\neffective\nDecember 2,\n2012\n\nTo order the closing of a public alley in Square N-515, bounded by New York Avenue, N.W., 2nd Street,\nN.W., L Street, N.W., and 4th Street, N.W., in Ward 6.\n\nNot\nCodified\n\nBE IT ENACTED BY THE COUNCIL OF THE DISTRICT OF COLUMBIA, That this\nact may be cited as the \u201cClosing of a Public Alley in Square N-515, S.O. 12-02073, Act of\n2012\u201d.\n\nClosing of a\nPublic Alley in\nSquare N-515,\nS.O. 12-02073,\nAct of 2012\n\nSec. 2. Pursuant to section 201 of the Street and Alley Closing and Acquisition\nProcedures Act of 1982, effective March 10, 1983 (D.C. Law 4-201; D.C. Official Code \u00a7 9202.01), the Council finds that the portion of the public alley in Square N-515, as shown on the\nSurveyor\u2019s plat in S.O. 12-02073, is unnecessary for alley purposes and orders it closed, with\ntitle to the land to vest as shown on the Surveyor\u2019s plat.\nSec. 3. Transmittal.\nThe Secretary to the Council shall transmit a copy of this act, upon its effective date, to\nthe Office of the Surveyor.\nSec. 4. Fiscal impact statement.\nThe Council adopts the fiscal impact statement in the committee report as the fiscal\nimpact statement required by section 602(c)(3) of the District of Columbia Home Rule Act,\napproved December 24, 1973 (87 Stat. 813; D.C. Official Code \u00a71-206-02(c)(3)).\nSec. 5. Effective date.\nThis act shall take effect following approval by the Mayor (or in the event of veto by the\nMayor, action by the Council to override the veto), a 30-day period of Congressional review as\nprovided in section 602(c)(1) of the District of Columbia Home Rule Act, approved December\n24, 1973 (87 Stat. 813; D.C. Official Code \u00a71-206.02(c)(1)), and publication in the District of\nColumbia Register.\n\n\f", 
  "title": "Closing of a Public Alley in Square N-515, S.O. 12-02073, Act of 2012", 
  "council_period": "20"
}