{
  "end": "829", 
  "name": "Law_19-256.pdf", 
  "start": "829", 
  "text": "COUNCIL OF THE DISTRICT OF COLUMBIA\nD.C. Law 19-256, effective April 20, 2013 (Delayed Applicability)\n\n20 DCSTAT 829\n\nAN ACT\n\nBill 19-883\nAct 19-592\neffective\nJanuary 10,\n2013\n\nTo establish the hours of the District of Columbia Public Library and the minimum number of staff in the\nlibrary system.\n\nCodification\nDistrict of\nColumbia\nOfficial Code\n2001 Edition\n\nBE IT ENACTED BY THE COUNCIL OF THE DISTRICT OF COLUMBIA, That this\nact may be cited as the \u201cPublic Library Hours Expansion Act of 2012\u201d.\n\nPublic\nLibrary\nHours\nExpansion Act\nof 2012\n\nSec. 2. Hours.\n(a) Notwithstanding any other provision of law, all branches of the District of Columbia\nPublic Library, including the Martin Luther King, Jr., Memorial Library, shall be open for at\nleast the following hours:\n(1) Monday through Thursday, from 9:30 a.m. to 9 p.m.;\n(2) Friday and Saturday, from 9:30 a.m. to 5:30 p.m.; and\n(3) Sunday, from 1 p.m. to 5 p.m.\n(b) The District of Columbia Public Library shall establish minimum staffing levels to\nensure that the minimum library hours set forth in subsection (a) of this section do not adversely\naffect library operations.\n\nNew\n\u00a7 39-125\n\nSec. 3. Applicability.\nThis act shall apply upon the inclusion of its fiscal effect in an approved budget and\nfinancial plan, as certified by the Chief Financial Officer to the Budget Director of the Council in\na certification published by the Council in the District of Columbia Register.\n\nDelayed\nApplicability\n\nSec. 4. Fiscal impact statement.\nThe Council adopts the fiscal impact statement in the committee report as the fiscal\nimpact statement required by section 602(c)(3) of the District of Columbia Home Rule Act,\napproved December 24, 1973 (87 Stat. 813; D.C. Official Code \u00a7 1-206.02(c)(3)).\nSec. 5. Effective date.\nThis act shall take effect following approval by the Mayor (or in the event of veto by the\nMayor, action by the Council to override the veto), a 30-day period of Congressional review as\nprovided in section 602(c)(1) of the District of Columbia Home Rule Act, approved December\n24, 1973 (87 Stat. 813; D.C. Official Code \u00a7 1-206.02(c)(1)), and publication in the District of\nColumbia Register.\n\n\f", 
  "title": "Public Library Hours Expansion Act of 2012", 
  "council_period": "20"
}