{
  "start": "3293", 
  "text": "COUNCIL OF THE DISTRICT OF COLUMBIA\nD.C. Law 20-113, effective June 21, 2014 (Expiration date February 1, 2015)\n(Related Emergency Legislation is Act 20-299, 20 DCSTAT 3068)\n\n20 DCSTAT 3293\n\nAN ACT\n\nTo amend, on a temporary basis, the Recreation Act of 1994 to clarify that the Department of Parks and\nRecreation\u2019s implementation of its nutritional requirements is not contingent upon the agency\u2019s\npromulgation of unrelated regulations concerning field and facility permitting.\n\nBE IT ENACTED BY THE COUNCIL OF THE DISTRICT OF COLUMBIA, That this\nact may be cited as the \u201cDepartment of Parks and Recreation Fee-based Use Permit Authority\nClarification Temporary Amendment Act of 2014\u201d.\n\nSec. 2. Section 7a(b)(2) of the Recreation Act of 1994, effective September 14, 2011\n(D.C. Law 19-21; D.C. Official Code \u00a7 10-307(b)(2)), is amended by striking the phrase \u201csection\n3(b-1) and (d), section 3a, and section 3b\u201d and inserting the phrase \u201csection 3(b-1) and (d) and\nsection 3a\u201d in its place.\nSec. 3. Fiscal impact statement.\nThe Council adopts the fiscal impact statement of the Budget Director as the fiscal impact\nstatement required by section 602(c)(3) of the District of Columbia Home Rule Act, approved\nDecember 24, 1973 (87 Stat. 813; D.C. Official Code \u00a7 1-206.02(c)(3)).\nSec. 4. Effective date.\n(a) This act shall take effect following approval by the Mayor (or in the event of veto by\nthe Mayor, action by the Council to override the veto), a 30-day period of Congressional review\nas provided in section 602(c)(1) of the District of Columbia Home Rule Act, approved December\n24, 1973 (87 Stat. 813; D.C. Official Code \u00a7 1-206.02(c)(1)), and publication in the District of\nColumbia Register.\n(b) This act shall expire after 225 days of its having taken effect.\n\nBill 20-703\nAct 20-312\neffective\nApril 28, 2014\nCodification\nDistrict of\nColumbia\nOfficial Code\n2001 Edition\nDepartment of\nParks and\nRecreation\nFee-based Use\nPermit\nAuthority\nClarification\nTemporary\nAmendment\nAct of 2014\nNote,\n\u00a7 10-307\n\n\f", 
  "end": "3293", 
  "name": "Law_20-113.pdf", 
  "title": "Department of Parks and Recreation Fee-based Use Permit Authority Clarification Temporary Amendment Act of 2014"
}