{
  "end": "121", 
  "name": "Law_19-222.pdf", 
  "start": "120", 
  "text": "COUNCIL OF THE DISTRICT OF COLUMBIA\nD.C. Law 19-222, effective March 5, 2013\n\n20 DCSTAT 120\n\nAN ACT\n\nTo amend the District of Columbia Regional Airports Authority Act of 1985 to increase the total number of\nmembers of the Washington Metropolitan Airports Authority to 17 members, the number of\nmembers appointed by Virginia to 7, by the District of Columbia to 4, and by Maryland to 3, to\nprovide that any member of the Washington Metropolitan Airports Authority shall be eligible for\nreappointment for one additional term and may not serve beyond the expiration of his or her term,\nto increase the quorum requirement to 9 members, and to increase the number of votes required to\napprove bond issues and the annual budget of the Washington Metropolitan Airports Authority to\n10.\n\nBE IT ENACTED BY THE COUNCIL OF THE DISTRICT OF COLUMBIA, That this\nact may be cited as the \u201cMetropolitan Washington Airports Authority Amendment Act of 2012\u201d.\n\nSec. 2. Section 5 of the District of Columbia Regional Airports Authority Act of 1985,\neffective December 3, 1985 (D.C. Law 6-67; D.C. Official Code \u00a7 9-904), is amended as\nfollows:\n(a) Subsection (a) is amended to read as follows:\n\u201c(a)(1) The Authority shall consist of 17 members as follows:\n\u201c(A) Seven appointed by the Governor of the Commonwealth of\nVirginia;\n\u201c(B) Four appointed by the Mayor of the District of Columbia;\n\u201c(C) Three appointed by the Governor of the State of Maryland, and\n\u201c(D) Three appointed by the President of the United States.\n\u201c(2) For the purposes of doing business, 9 members shall constitute a quorum.\n\u201c(3) Members representing the District of Columbia shall be subject to\nconfirmation by the Council of the District of Columbia.\n\u201c(4) The failure of a single appointing official to appoint one or more members,\nas provided in this act, shall not impair the Authority\u2019s creation when the conditions of this\ncreation have been met.\u201d.\n(b) Subsection (c) is amended as follows:\n(1) Designate the existing text as paragraph (1).\n(2) A new paragraph (2) is added to read as follows:\n\u201c(2) A member of the Authority shall be eligible for reappointment for one\nadditional term. A member may not serve after the expiration of the member\u2019s term or terms.\u201d.\n(c) Subsection (d) is amended by striking the word \u201cEight\u201d and inserting the word \u201cTen\u201d\nin its place.\n\nBill 19-829\nAct 19-524\neffective\nNovember 2,\n2012\nCodification\nDistrict of\nColumbia\nOfficial Code\n2001 Edition\n\nMetropolitan\nWashington\nAirports\nAuthority\nAmendment\nAct of 2012\nAmend\n\u00a7 9-904\n\n\fCOUNCIL OF THE DISTRICT OF COLUMBIA\nD.C. Law 19-222, effective March 5, 2013\n\n20 DCSTAT 121\n\n(d) Subsection (g) is amended to read as follows:\n\u201c(g) A vacancy among the members shall be filled in the manner in which the original\nappointment was made. A person appointed to fill a vacancy shall serve for the unexpired term.\u201d.\nSec. 3. Fiscal impact statement.\nThe Council adopts the fiscal impact statement in the committee report as the fiscal\nimpact statement required by section 602(c)(3) of the District of Columbia Home Rule Act,\napproved December 24, 1973 (87 Stat. 813; D.C. Official Code \u00a7 1-206.02(c)(3)).\nSec. 4. Effective date.\nThis act shall take effect following approval by the Mayor (or in the event of veto by the\nMayor, action by the Council to override the veto), a 30-day period of Congressional review as\nprovided in section 602(c)(1) of the District of Columbia Home Rule Act, approved December\n24, 1973 (87 Stat. 813; D.C. Official Code \u00a7 1-206.02(c)(1)), and publication in the District of\nColumbia Register.\n\n\f", 
  "title": "Metropolitan Washington Airports Authority Amendment Act of 2012", 
  "council_period": "20"
}