{
  "start": "1019", 
  "text": "COUNCIL OF THE DISTRICT OF COLUMBIA\nD.C. Law 19-301, effective May 1, 2013\n\n20 DCSTAT 1019\n\nAN ACT\n\nBill 19-570\nAct 19-650\neffective\nJanuary 29,\n2013\n\nTo amend the Policemen and Firemen\u2019s Retirement and Disability Act to change, from age 60 to age 55,\nthe age before when remarriage by a widow or widower will terminate an annuity; and to amend\nAn Act For the retirement of public-school teachers in the District of Columbia to change, from\nage 60 to age 55, the age before when remarriage by a surviving spouse or domestic partner will\nterminate an annuity.\n\nCodification\nDistrict of\nColumbia\nOfficial Code\n2001 Edition\n\nBE IT ENACTED BY THE COUNCIL OF THE DISTRICT OF COLUMBIA, That this\nact may be cited as the \u201cEquity in Survivor Benefits Amendment Act of 2012\u201d.\n\nEquity in\nSurvivor\nBenefits\nAmendment\nAct of 2012\n\nSec. 2. Section 12(k)(5)(A) of the Policemen and Firemen\u2019s Retirement and Disability\nAct, approved September 1, 1916 (39 Stat. 718; D.C. Official Code \u00a7 5-716(e)(1)), is amended\nby striking the number \u201c60\u201d and inserting the number \u201c55\u201d in its place.\n\nAmend\n\u00a7 5-716\n\nSec. 3. An Act For the retirement of public-school teachers in the District of Columbia,\napproved August 7, 1946 (60 Stat. 875; D.C. Official Code \u00a7 38-2021.01 et seq.), is amended as\nfollows:\n(a) Section 5(b)(1) (D.C. Official Code \u00a7 38-2021.05(b)(1)) is amended as follows:\n(1) Strike the phrase \u201c(B) such spouse or domestic partnership elects\u201d and insert\nthe phrase \u201c(B) such spouse or domestic partner elects\u201d in its place; and\n(2) Strike the phrase \u201c60 years\u201d wherever it appears and insert the phrase \u201c55\nyears\u201d in its place.\n(b) Section 9(b)(1) (D.C. Official Code \u00a7 38-2021.09(b)(1)) is amended by striking the\nphrase \u201cbefore becoming 60 years of age\u201d wherever it appears and inserting the phrase \u201cbefore\nbecoming 55 years of age\u201d in its place.\nSec. 4. Fiscal impact statement.\nThe Council adopts the fiscal impact statement in the committee report as the fiscal\nimpact statement required by section 602(c)(3) of the District of Columbia Home Rule Act,\napproved December 24, 1973 (87 Stat. 813; D.C. Official Code \u00a7 1-206.02(c)(3)).\nSec. 5. Effective date.\nThis act shall take effect following approval by the Mayor (or in the event of veto by the\nMayor, action by the Council to override the veto), a 30-day period of Congressional review as\nprovided in section 602(c)(1) of the District of Columbia Home Rule Act, approved December\n24, 1973 (87 Stat. 813; D.C. Official Code \u00a7 1-206.02(c)(1)), and publication in the District of\nColumbia Register.\n\nAmend\n\u00a7 38-2021.05\n\nAmend\n\u00a7 38-2021.09\n\n\f", 
  "end": "1019", 
  "name": "Law_19-301.pdf", 
  "title": "Equity in Survivor Benefits Amendment Act of 2012"
}