{
  "start": "3288", 
  "text": "COUNCIL OF THE DISTRICT OF COLUMBIA\nD.C. Law 20-111, effective June 21, 2014 (Expiration date February 1, 2015)\n(Related Emergency Legislation is Act 20-293, 20 DCSTAT 3060)\n\n20 DCSTAT 3288\n\nAN ACT\n\nTo amend, on a temporary basis, the District of Columbia Traffic Act, 1925 to clarify the requirements for\nreceipt of a limited purpose driver\u2019s license, permit or identification card.\n\nBE IT ENACTED BY THE COUNCIL OF THE DISTRICT OF COLUMBIA, That this\nact may be cited as the \u201cDriver\u2019s Safety Clarification Temporary Amendment Act of 2014\u201d.\n\nSec. 2. Section 8c(a)(2) of the District of Columbia Traffic Act, 1925, effective January\n17, 2014 (D.C. Law 20-62; to be codified at D.C. Official Code \u00a7 50-1401.05(a)(2)), is amended\nto read as follows:\n\u201c (2)(A) Has not been assigned a social security number;\n\u201c(B) Has been assigned a social security number but cannot establish legal\npresence in the United States at the time of application; or\n\u201c(C) Is ineligible to obtain a social security number; and\u201d.\nSec. 3. Fiscal impact statement.\nThe Council adopts the fiscal impact statement of the Chief Financial Officer as the fiscal\nimpact statement required by section 602(c)(3) of the District of Columbia Home Rule Act,\napproved December 24, 1973 (87 Stat. 813; D.C. Official Code \u00a7 1-206.02(c)(3)).\nSec. 4. Effective date.\n(a) This act shall take effect following approval by the Mayor (or in the event of veto by\nthe Mayor, action by the Council to override the veto), a 30-day period of Congressional review\nas provided in section 602(c)(1) of the District of Columbia Home Rule Act, approved\nDecember 24, 1973 (87 Stat. 813; D.C. Official Code \u00a7 1-206.02(c)(1)), and publication in the\nDistrict of Columbia Register.\n(b) This act shall expire after 225 days of its having taken effect.\n\nBill 20-693\nAct 20-310\neffective\nApril 28, 2014\nCodification\nDistrict of\nColumbia\nOfficial Code\n2001 Edition\n\nDriver\u2019s\nSafety\nClarification\nTemporary\nAmendment\nAct of 2014\nNote,\n\u00a7 50-1401.05\n\n\f", 
  "end": "3288", 
  "name": "Law_20-111.pdf", 
  "title": "Driver's Safety Clarification Temporary Amendment Act of 2014"
}