{
  "end": "3287", 
  "name": "Law_20-104.pdf", 
  "start": "3286", 
  "text": "COUNCIL OF THE DISTRICT OF COLUMBIA\n20 DCSTAT 3286\nD.C. Law 20-104, effective May 20, 2014 (Expiration date December 31, 2014)\n(Related Emergency Legislation is Act 20-274, 20 DCSTAT 3034)\n\nAN ACT\n\nTo amend, on a temporary basis, the Animal Control Act of 1979 to clarify that an educational institution is\npermitted to have animals for educational and instructional purposes.\n\nBE IT ENACTED BY THE COUNCIL OF THE DISTRICT OF COLUMBIA, That this act\nmay be cited as the \u201cClassroom Animal for Educational Purposes Clarification Temporary\nAmendment Act of 2014\u201d.\n\nSec. 2. Section 9(h) of the Animal Control Act of 1979, effective October 18,\n1979 (D.C. Law 3-30; D.C. Official Code \u00a7 8-1808(h)), is amended by adding a new paragraph\n(6) to read as follows:\n\u201c(6) Paragraph (1) of this subsection shall not apply to educational institutions\nthat possess animals for educational and instructional purposes and that otherwise comply with\nhumane, sanitary, and safe treatment requirements, as set forth in section 502 of the Animal\nProtection Amendment Act of 2008, effective December 5, 2008 (D.C. Law 17-281; D.C.\nOfficial Code \u00a7 8-1851.02).\u201d.\nSec. 3. Fiscal impact statement.\nThe Council adopts the fiscal impact statement of the Budget Director as the fiscal\nimpact statement required by section 602(c)(3) of the District of Columbia Home Rule Act,\napproved December 24, 1973 (87 Stat. 813; D.C. Official Code \u00a7 1-206.02(c)(3)).\nSec. 4. Effective date.\n(a) This act shall take effect upon following approval by the Mayor (or in the event of a\nveto by the Mayor, action by the Council to override the veto), and a 30-day period of\nCongressional review as provided in section 602(c)(1) of the District of Columbia Home Rule\n\nBill 20-667\nAct 20-300\neffective\nMarch 14,\n2014\nCodification\nDistrict of\nColumbia\nOfficial Code\n2001 Edition\nClassroom\nAnimal for\nEducational\nPurposes\nClarification\nTemporary\nAmendment\nAct of 2014\nNote,\n\u00a7 8-1808\n\n\fCOUNCIL OF THE DISTRICT OF COLUMBIA\n20 DCSTAT 3287\nD.C. Law 20-104, effective May 20, 2014 (Expiration date December 31, 2014)\n(Related Emergency Legislation is Act 20-274, 20 DCSTAT 3034)\n\nAct, approved December 24, 1973 (87 Stat. 813; D.C. Official Code \u00a7 1-206.02(c)(1)), and\npublication in the District of Columbia Register.\n(b) This act shall expire after 225 days of its having taken effect.\n\n\f", 
  "title": "Classroom Animal for Educational Purposes Clarification Temporary Amendment Act of 2014", 
  "council_period": "20"
}